From,To
A0JNU3,Aspg
A2A432,Cul4b
A2A4P0,Dhx8
A2A5R2,Arfgef2
A2A5Z6,Smurf2
A2A6A1,Gpatch8
A2A7S8,Nhsl3
A2A8L5,Ptprf
A2A8U2,Tmem201
A2A8Z1,Osbpl9
A2ADA5,Pusl1
A2ADY9,Ddi2
A2AGH6,Med12
A2AGT5,Ckap5
A2AH22,Ambra1
A2AIL4,Ndufaf6
A2AIV2,Virma
A2AJ15,Man1b1
A2AJ88,Pnpla7
A2AJB2,Tmem141
A2AJI0,Map7d1
A2AJL3,Fggy
A2AKG8,Focad
A2AKK5,Acnat1
A2AKQ0,Slc35d1
A2ALK8,Ptpn3
A2ALU4,Shroom2
A2ALW5,Dnajc25
A2AN08,Ubr4
A2APT9,Klhdc7a
A2APY7,Ndufaf5
A2AQ19,Rtf1
A2AQ25,Skt
A2AR02,Ppig
A2AS89,Agmat
A2ASZ8,Slc25a25
A2ATU0,Dhtkd1
A2AWA9,Rabgap1
A2AWP8,Arhgef10l
A2BDX3,Mocs3
A2BE28,Las1l
A2BH40,Arid1a
A2CG49,Kalrn
A2RSJ4,Bltp3b
A2RSQ0,Dennd5b
A2RSY6,Trmt1l
A2RTL5,Rsrc2
A3KGB4,Tbc1d8b
A3KGS3,Ralgapa2
A3KMP2,Ttc38
A4FUP9,Glt1d1
A6H5Y3,Mtr
A6H5Z3,Exoc6b
A6H611,Mipep
A6H630,Armt1
A6H6A9,Rabgap1l
A6H8H2,Dennd4c
A6X919,Dpy19l1
A6X935,Itih4
A7MCT6,Etnk2
A8C756,Thada
B1AR13,Cisd3
B1AUE5,Pex10
B1AVZ0,Uprt
B1AY10,Nfx1
B1AY13,Usp24
B1AZA5,Tmem245
B1AZI6,Thoc2
B2RQC6,Cad
B2RQE8,Arhgap42
B2RR83,Ythdc2
B2RRE7,Otud4
B2RVL6,Zcchc24
B2RX12,Abcc3
B2RX14,Tut4
B2RXA1,Plcxd2
B2RXC1,Trappc11
B2RXS4,Plxnb2
B2RY04,Dock5
B2RY56,Rbm25
B5X0G2,Mup17
B7ZMP1,Xpnpep3
B8ZXI1,Qtrt2
B9EJ80,Pdzd8
B9EJ86,Osbpl8
B9EJR8,Dnaaf5
B9EKI3,Tmf1
C0HKD8,Mfap1a
C0HKG5,Rnaset2a
D3YXK2,Safb
D3YZP9,Ccdc6
D3Z7P3,Gls
E9PV24,Fga
E9PVA8,Gcn1
E9PVB5,Ttc17
E9PVD1,Ccdc62
E9PW74,Gimd1
E9PXF8,Sbf2
E9PYK3,Parp4
E9PZJ8,Ascc3
E9PZM4,Chd2
E9Q394,Akap13
E9Q3C1,C2cd2
E9Q3L2,Pi4ka
E9Q414,Apob
E9Q4N7,Arid1b
E9Q4Z2,Acacb
E9Q555,Rnf213
E9Q557,Dsp
E9Q5C9,Nolc1
E9Q5F9,Setd2
E9Q5K9,Ythdc1
E9Q634,Myo1e
E9Q6J5,Bod1l
E9Q6P5,Ttc7b
E9Q735,Ube4a
E9Q784,Zc3h13
E9Q7D5,Arhgef5
E9Q7G0,Numa1
E9Q8D0,Dnajc21
E9QAM5,Helz2
E9QAT4,Sec16a
F2Z461,Herc6
F6ZDS4,Tpr
F8VPU2,Farp1
G3X982,Aox3
G3X9K3,Arfgef1
G3XA57,Rab11fip2
G5E829,Atp2b1
G5E870,Trip12
G5E872,Rnpepl1
G5E897,Poglut3
G5E8K5,Ank3
O08529,Capn2
O08530,S1pr1
O08539,Bin1
O08547,Sec22b
O08553,Dpysl2
O08573,Lgals9
O08579,Emd
O08580,Esrra
O08582,Gtpbp1
O08583,Alyref
O08585,Clta
O08586,Pten
O08600,Endog
O08601,Mttp
O08609,Mlx
O08663,Metap2
O08677,Kng1
O08705,Slc10a1
O08709,Prdx6
O08715,Akap1
O08738,Casp6
O08749,Dld
O08756,Hsd17b10
O08759,Ube3a
O08784,Tcof1
O08788,Dctn1
O08795,Prkcsh
O08800,Serpinb8
O08807,Prdx4
O08808,Diaph1
O08810,Eftud2
O08811,Ercc2
O08848,RO60
O08856,Ell
O08912,Galnt1
O08914,Faah
O08915,Aip
O08917,Flot1
O08966,Slc22a1
O08992,Sdcbp
O08997,Atox1
O09005,Degs1
O09012,Pex5
O09043,Napsa
O09044,Snap23
O09061,Psmb1
O09106,Hdac1
O09110,Map2k3
O09111,Ndufb11
O09117,Sypl1
O09131,Gsto1
O09158,Cyp3a25
O09159,Man2b1
O09164,Sod3
O09167,Rpl21
O09172,Gclm
O09173,Hgd
O09174,Amacr
O35071,Kif1c
O35075,Vps26c
O35099,Map3k5
O35114,Scarb2
O35129,Phb2
O35130,Emg1
O35134,Polr1a
O35143,Atp5if1
O35166,Gosr2
O35185,Bhlhe40
O35215,Ddt
O35218,Cpsf2
O35226,Psmd4
O35239,Ptpn9
O35250,Exoc7
O35286,Dhx15
O35295,Purb
O35309,Nmi
O35316,Slc6a6
O35326,Srsf5
O35343,Kpna4
O35344,Kpna3
O35345,Kpna6
O35350,Capn1
O35381,Anp32a
O35382,Exoc4
O35386,Phyh
O35387,Hax1
O35403,Sult3a1
O35405,Pld3
O35423,Agxt
O35435,Dhodh
O35445,Rnf5
O35448,Ppt2
O35453,Hpn
O35459,Ech1
O35465,Fkbp8
O35469,Hsd3b6
O35488,Slc27a2
O35490,Bhmt
O35492,Clk3
O35516,Notch2
O35551,Rabep1
O35593,Psmd14
O35594,Ift81
O35598,Adam10
O35604,Npc1
O35609,Scamp3
O35623,Bet1
O35627,Nr1i3
O35632,Hyal2
O35638,Stag2
O35643,Ap1b1
O35657,Neu1
O35658,C1qbp
O35660,Gstm6
O35678,Mgll
O35680,Mrps12
O35682,Myadm
O35683,Ndufa1
O35685,Nudc
O35691,Pnn
O35704,Sptlc1
O35710,Noct
O35711,Ppfibp2
O35728,Cyp4a14
O35730,Ring1
O35737,Hnrnph1
O35738,Klf12
O35841,Api5
O35857,Timm44
O35864,Cops5
O35887,Calu
O35900,Lsm2
O35943,Fxn
O35945,Aldh1a7
O35955,Psmb10
O35963,Rab33b
O35969,Gamt
O35972,Mrpl23
O35980,Nthl1
O35988,Sdc4
O54692,Zw10
O54734,Ddost
O54749,Cyp2j5
O54750,Cyp2j6
O54754,Aox1
O54774,Ap3d1
O54781,Srpk2
O54782,Man2b2
O54804,Chka
O54818,Tpd52l1
O54825,Bysl
O54833,Csnk2a2
O54879,Hmgb3
O54904,B3galt1
O54909,Rdh16
O54916,Reps1
O54940,Bnip2
O54941,Smarce1
O54946,Dnajb6
O54950,Prkag1
O54962,Banf1
O54965,Rnf13
O54983,Crym
O54984,Get3
O54988,Slk
O55003,Bnip3
O55022,Pgrmc1
O55023,Impa1
O55028,Bckdk
O55029,Copb2
O55060,Tpmt
O55071,Cyp2b19
O55106,Strn
O55111,Dsg2
O55125,Nipsnap1
O55126,Nipsnap2
O55127,Cyp26a1
O55128,Sap18
O55131,Septin7
O55135,Eif6
O55137,Acot1
O55142,Rpl35a
O55143,Atp2a2
O55176,Pja1
O55186,Cd59a
O55201,Supt5h
O55222,Ilk
O55229,Chkb
O55234,Psmb5
O55236,Rngtt
O55239,Nnmt
O55240,Rdh5
O55242,Sigmar1
O70131,Ninj1
O70133,Dhx9
O70152,Dpm1
O70194,Eif3d
O70228,Atp9a
O70230,Znf143
O70251,Eef1b
O70252,Hmox2
O70255,Mpzl2
O70281,Tpst1
O70305,Atxn2
O70309,Itgb5
O70310,Nmt1
O70311,Nmt2
O70324,Slc16a2
O70325,Gpx4
O70348,Dxo
O70362,Gpld1
O70370,Ctss
O70378,Emc8
O70400,Pdlim1
O70404,Vamp8
O70405,Ulk1
O70422,Gtf2h4
O70435,Psma3
O70439,Stx7
O70451,Slc16a7
O70472,Tmem131
O70475,Ugdh
O70481,Ubr1
O70492,Snx3
O70493,Snx12
O70494,Sp3
O70503,Hsd17b12
O70551,Srpk1
O70566,Diaph2
O70570,Pigr
O70571,Pdk4
O70572,Smpd2
O70579,Slc25a17
O70582,Alox12b
O70585,Dtnb
O70589,Cask
O70591,Pfdn2
O88271,Cfdp1
O88291,Znf326
O88342,Wdr1
O88343,Slc4a4
O88351,Ikbkb
O88384,Vti1b
O88425,Nme6
O88428,Papss2
O88441,Mtx2
O88451,Rdh7
O88455,Dhcr7
O88456,Capns1
O88487,Dync1i2
O88502,Pde8a
O88520,Shoc2
O88522,Ikbkg
O88531,Ppt1
O88532,Zfr
O88533,Ddc
O88543,Cops3
O88544,Cops4
O88545,Cops6
O88551,Cldn1
O88552,Cldn2
O88569,Hnrnpa2b1
O88587,Comt
O88622,Parg
O88630,Gosr1
O88653,Lamtor3
O88668,Creg1
O88685,Psmc3
O88696,Clpp
O88697,Stk16
O88712,Ctbp1
O88735,Map7
O88736,Hsd17b7
O88738,Birc6
O88746,Tom1
O88783,F5
O88792,F11r
O88796,Rpp30
O88803,Lect2
O88811,Stam2
O88822,Sc5d
O88824,Jtb
O88829,St3gal5
O88833,Cyp4a10
O88843,Cradd
O88844,Idh1
O88845,Akap10
O88851,Rbbp9
O88856,Tpst2
O88874,Ccnk
O88876,Dhrs3
O88878,Zfand5
O88888,Apba3
O88895,Hdac3
O88908,Soat2
O88939,Zbtb7a
O88947,F10
O88952,Lin7c
O88958,Gnpda1
O88962,Cyp8b1
O88967,Yme1l1
O88968,Tcn2
O88983,Stx8
O88986,Gcat
O89001,Cpd
O89013,Leprot
O89016,Abcd4
O89017,Lgmn
O89020,Afm
O89023,Tpp1
O89026,Robo1
O89050,Mkln1
O89051,Itm2b
O89079,Cope
O89086,Rbm3
O89090,Sp1
O89106,Fhit
O89110,Casp8
O89112,Lancl1
P00015,Cyct
P00158,Mt-Cyb
P00186,Cyp1a2
P00329,Adh1
P00375,Dhfr
P00397,Mtco1
P00405,Mtco2
P00416,mt-Co3
P00493,Hprt1
P00687,Amy1
P00848,Mtatp6
P00920,Ca2
P01027,C3
P01029,C4b
P01837,Igkc
P01867,Ighg2b
P01872,Ighm
P01887,B2m
P01898,H2-Q10
P01899,H2-D1
P01901,H2-K1
P01942,Hba
P02088,Hbb-b1
P02301,H3-5
P02463,Col4a1
P02535,Krt10
P02798,Mt2
P02802,Mt1
P03888,Mtnd1
P03893,mt-Nd2
P03899,mt-Nd3
P03903,Mtnd4l
P03911,Mtnd4
P03921,Mtnd5
P03930,Mtatp8
P04104,Krt1
P04186,Cfb
P04627,Araf
P04919,Slc4a1
P04939,Mup3
P05017,Igf1
P05063,Aldoc
P05064,Aldoa
P05132,Prkaca
P05201,Got1
P05202,Got2
P05784,Krt18
P05977,Myl1
P06151,Ldha
P06339,H2-T23
P06537,Nr3c1
P06683,C9
P06684,C5
P06728,Apoa4
P06745,Gpi
P06797,Ctsl
P06801,Me1
P06802,Enpp1
P06909,Cfh
P07309,Ttr
P07356,Anxa2
P07361,Orm2
P07724,Alb
P07742,Rrm1
P07758,Serpina1a
P07759,Serpina3k
P07901,Hsp90aa1
P08003,Pdia4
P08030,Aprt
P08043,Zfp2
P08071,Ltf
P08101,Fcgr2
P08103,Hck
P08113,Hsp90b1
P08226,Apoe
P08228,Sod1
P08249,Mdh2
P08607,C4bpa
P08752,Gnai2
P08775,Polr2a
P09055,Itgb1
P09103,P4hb
P09242,Alpl
P09405,Ncl
P09411,Pgk1
P09528,Fth1
P09602,Hmgn2
P09671,Sod2
P09803,Cdh1
P09813,Apoa2
P09925,Surf1
P0C0S6,H2az1
P0C7L0,Wipf3
P0DN34,Ndufb1
P0DN89,Tmem254
P0DP26,Calm1
P10126,Eef1a1
P10518,Alad
P10605,Ctsb
P10630,Eif4a2
P10639,Txn
P10648,Gsta2
P10649,Gstm1
P10711,Tcea1
P10833,Rras
P10852,Slc3a2
P10922,H1-0
P11031,Sub1
P11103,Parp1
P11276,Fn1
P11352,Gpx1
P11438,Lamp1
P11499,Hsp90ab1
P11531,Dmd
P11588,Mup1
P11589,Mup2
P11609,Cd1d1
P11672,Lcn2
P11679,Krt8
P11688,Itga5
P11714,Cyp2d9
P11725,Otc
P11859,Agt
P11862,Gas2
P11881,Itpr1
P11930,Nudt19
P11983,Tcp1
P12246,Apcs
P12265,Gusb
P12367,Prkar2a
P12382,Pfkl
P12710,Fabp1
P12787,Cox5a
P12790,Cyp2b9
P12791,Cyp2b10
P12815,Pdcd6
P12970,Rpl7a
P13020,Gsn
P13439,Umps
P13516,Scd1
P13597,Icam1
P13707,Gpd1
P14094,Atp1b1
P14115,Rpl27a
P14131,Rps16
P14148,Rpl7
P14152,Mdh1
P14206,Rpsa
P14211,Calr
P14246,Slc2a2
P14576,Srp54
P14602,Hspb1
P14685,Psmd3
P14733,Lmnb1
P14824,Anxa6
P14847,Crp
P14869,Rplp0
P15105,Glul
P15116,Cdh2
P15208,Insr
P15392,Cyp2a4
P15532,Nme1
P15535,B4galt1
P15626,Gstm2
P15864,H1-2
P15920,Atp6v0a2
P16015,Ca3
P16045,Lgals1
P16054,Prkce
P16056,Met
P16254,Srp14
P16294,F9
P16301,Lcat
P16330,Cnp
P16331,Pah
P16332,Mmut
P16406,Enpep
P16460,Ass1
P16546,Sptan1
P16627,Hspa1l
P16675,Ctsa
P16858,Gapdh
P16882,Ghr
P17047,Lamp2
P17095,Hmga1
P17156,Hspa2
P17182,Eno1
P17225,Ptbp1
P17426,Ap2a1
P17427,Ap2a2
P17439,Gba1
P17563,Selenbp1
P17665,Cox7c
P17717,Ugt2b17
P17742,Ppia
P17751,Tpi1
P17809,Slc2a1
P17879,Hspa1b
P17918,Pcna
P18052,Ptpra
P18242,Ctsd
P18572,Bsg
P18581,Slc7a2
P18608,Hmgn1
P18653,Rps6ka1
P18654,Rps6ka3
P18760,Cfl1
P18826,Phka1
P18828,Sdc1
P19096,Fasn
P19157,Gstp1
P19221,F2
P19253,Rpl13a
P19258,Mpv17
P19426,Nelfe
P19536,Cox5b
P19639,Gstm3
P19783,Cox4i1
P20029,Hspa5
P20060,Hexb
P20108,Prdx3
P20152,Vim
P20444,Prkca
P20852,Cyp2a5
P20918,Plg
P21107,Tpm3
P21126,Ubl4a
P21180,C2
P21271,Myo5b
P21278,Gna11
P21279,Gnaq
P21300,Akr1b7
P21440,Abcb4
P21447,Abcb1a
P21614,Gc
P21619,Lmnb2
P21958,Tap1
P21981,Tgm2
P22272,Il6ra
P22315,Fech
P22361,Hnf1a
P22366,Myd88
P22599,Serpina1b
P22892,Ap1g1
P22907,Hmbs
P23116,Eif3a
P23188,Furin
P23198,Cbx3
P23249,Mov10
P23475,Xrcc6
P23492,Pnp
P23506,Pcmt1
P23589,Ca5a
P23591,Gfus
P23780,Glb1
P23881,Tcea3
P23950,Zfp36l1
P23953,Ces1c
P24270,Cat
P24369,Ppib
P24456,Cyp2d10
P24457,Cyp2d11
P24472,Gsta4
P24527,Lta4h
P24547,Impdh2
P24549,Aldh1a1
P24638,Acp2
P24668,M6pr
P24721,Asgr2
P24788,Cdk11b
P25425,Pou2f1
P25444,Rps2
P25446,Fas
P25688,Uox
P25799,Nfkb1
P25911,Lyn
P25976,Ubtf
P26039,Tln1
P26040,Ezr
P26043,Rdx
P26149,Hsd3b2
P26150,Hsd3b3
P26187,Mgmt
P26231,Ctnna1
P26262,Klkb1
P26350,Ptma
P26369,U2af2
P26443,Glud1
P26450,Pik3r1
P26516,Psmd7
P26638,Sars1
P26883,Fkbp1a
P26928,Mst1
P27046,Man2a1
P27546,Map4
P27600,Gna12
P27601,Gna13
P27612,Plaa
P27641,Xrcc5
P27656,Lipc
P27659,Rpl3
P27661,H2ax
P27773,Pdia3
P27786,Cyp17a1
P27808,Mgat1
P28033,Cebpb
P28063,Psmb8
P28076,Psmb9
P28230,Gjb1
P28271,Aco1
P28352,Apex1
P28474,Adh5
P28571,Slc6a9
P28650,Adss1
P28651,Ca8
P28656,Nap1l1
P28658,Atxn10
P28659,Celf1
P28660,Nckap1
P28665,Mug1
P28666,Mug2
P28700,Rxra
P28740,Kif2a
P28798,Grn
P28843,Dpp4
P29341,Pabpc1
P29351,Ptpn6
P29391,Ftl1
P29416,Hexa
P29595,Nedd8
P29699,Ahsg
P29758,Oat
P29788,Vtn
P30115,Gsta3
P30416,Fkbp4
P30681,Hmgb2
P30999,Ctnnd1
P31230,Aimp1
P31649,Slc6a13
P31651,Slc6a12
P31786,Dbi
P31809,Ceacam1
P31938,Map2k1
P32020,Scp2
P32067,Ssb
P32233,Drg1
P32261,Serpinc1
P32507,Nectin2
P32883,Kras
P32921,Wars1
P33215,Nedd1
P33267,Cyp2f2
P33587,Proc
P33622,Apoc3
P34022,Ranbp1
P34152,Ptk2
P34884,Mif
P34914,Ephx2
P34927,Asgr1
P34928,Apoc1
P35123,Usp4
P35235,Ptpn11
P35276,Rab3d
P35278,Rab5c
P35279,Rab6a
P35282,Rab21
P35283,Rab12
P35285,Rab22a
P35290,Rab24
P35292,Rab17
P35293,Rab18
P35486,Pdha1
P35492,Hal
P35505,Fah
P35550,Fbl
P35564,Canx
P35569,Irs1
P35576,G6pc1
P35582,Foxa1
P35583,Foxa2
P35585,Ap1m1
P35601,Rfc1
P35700,Prdx1
P35762,Cd81
P35821,Ptpn1
P35822,Ptprk
P35831,Ptpn12
P35922,Fmr1
P35951,Ldlr
P35979,Rpl12
P35980,Rpl18
P36371,Tap2
P36536,Sar1a
P36552,Cpox
P36916,Gnl1
P36993,Ppm1b
P37040,Por
P38060,Hmgcl
P38647,Hspa9
P39039,Mbl1
P39054,Dnm2
P39061,Col18a1
P39098,Man1a2
P39447,Tjp1
P40124,Cap1
P40142,Tkt
P40201,Chd1
P40237,Cd82
P40240,Cd9
P40336,Vps26a
P40630,Tfam
P40936,Inmt
P41105,Rpl28
P41216,Acsl1
P41233,Abca1
P41234,Abca2
P41241,Csk
P41317,Mbl2
P42125,Eci1
P42128,Foxk1
P42208,Septin2
P42225,Stat1
P42227,Stat3
P42230,Stat5a
P42232,Stat5b
P42337,Pik3ca
P42567,Eps15
P42669,Pura
P42703,Lifr
P42859,Htt
P42867,Dpagt1
P42925,Pxmp2
P42932,Cct8
P43006,Slc1a2
P43024,Cox6a1
P43247,Msh2
P43274,H1-4
P43276,H1-5
P43277,H1-3
P43406,Itgav
P43883,Plin2
P45376,Akr1b1
P45591,Cfl2
P45700,Man1a1
P45878,Fkbp2
P45952,Acadm
P46061,Rangap1
P46096,Syt1
P46412,Gpx3
P46414,Cdkn1b
P46425,Gstp2
P46460,Nsf
P46467,Vps4b
P46471,Psmc2
P46638,Rab11b
P46656,Fdx1
P46664,Adss2
P46718,Pdcd2
P46735,Myo1b
P46737,Brcc3
P46935,Nedd4
P46938,Yap1
P46978,Stt3a
P47199,Cryz
P47738,Aldh2
P47740,Aldh3a2
P47753,Capza1
P47754,Capza2
P47757,Capzb
P47758,Srprb
P47791,Gsr
P47802,Mtx1
P47809,Map2k4
P47811,Mapk14
P47856,Gfpt1
P47857,Pfkm
P47877,Igfbp2
P47879,Igfbp4
P47911,Rpl6
P47915,Rpl29
P47934,Crat
P47941,Crkl
P47955,Rplp1
P47962,Rpl5
P47963,Rpl13
P47964,Rpl36
P47968,Rpia
P48024,Eif1
P48036,Anxa5
P48193,Epb41
P48410,Abcd1
P48428,Tbca
P48437,Prox1
P48441,Idua
P48678,Lmna
P48722,Hspa4l
P48758,Cbr1
P48760,Fpgs
P48771,Cox7a2
P48774,Gstm5
P48776,Tdo2
P48962,Slc25a4
P49070,Camlg
P49135,Ercc3
P49182,Serpind1
P49282,Slc11a2
P49312,Hnrnpa1
P49429,Hpd
P49442,Inpp1
P49443,Ppm1a
P49586,Pcyt1a
P49615,Cdk5
P49698,Hnf4a
P49722,Psma2
P49769,Psen1
P49935,Ctsh
P49962,Srp9
P50096,Impdh1
P50136,Bckdha
P50171,Hsd17b8
P50172,Hsd11b1
P50236,Sult2a2
P50247,Ahcy
P50285,Fmo1
P50295,Nat2
P50396,Gdi1
P50427,Sts
P50428,Arsa
P50429,Arsb
P50431,Shmt1
P50462,Csrp3
P50516,Atp6v1a
P50518,Atp6v1e1
P50544,Acadvl
P50580,Pa2g4
P50637,Tspo
P51125,Cast
P51141,Dvl1
P51150,Rab7a
P51163,Uros
P51174,Acadl
P51175,Ppox
P51410,Rpl9
P51432,Plcb3
P51450,Rorc
P51569,Gla
P51612,Xpc
P51655,Gpc4
P51658,Hsd17b2
P51660,Hsd17b4
P51791,Clcn3
P51830,Adcy9
P51855,Gss
P51859,Hdgf
P51863,Atp6v0d1
P51881,Slc25a5
P51949,Mnat1
P52019,Sqle
P52196,Tst
P52293,Kpna2
P52332,Jak1
P52430,Pon1
P52431,Pold1
P52432,Polr1c
P52479,Usp10
P52480,Pkm
P52503,Ndufs6
P52623,Uck1
P52633,Stat6
P52760,Rida
P52792,Gck
P52825,Cpt2
P52840,Sult1a1
P52843,Sult2a1
P53026,Rpl10a
P53395,Dbt
P53564,Cux1
P53566,Cebpa
P53569,Cebpz
P53612,Rabggtb
P53657,Pklr
P53702,Hccs
P53798,Fdft1
P53808,Pctp
P53810,Pitpna
P53811,Pitpnb
P53986,Slc16a1
P53994,Rab2a
P53995,Anapc1
P53996,Cnbp
P54071,Idh2
P54099,Polg
P54103,Dnajc2
P54116,Stom
P54276,Msh6
P54310,Lipe
P54728,Rad23b
P54729,Nub1
P54731,Faf1
P54751,St3gal1
P54775,Psmc4
P54797,Tango2
P54818,Galc
P54822,Adsl
P54823,Ddx6
P54869,Hmgcs2
P55012,Slc12a2
P55050,Fabp2
P55065,Pltp
P55096,Abcd3
P55098,Pex2
P55104,Inhbc
P55258,Rab8a
P55264,Adk
P55288,Cdh11
P55292,Dsc2
P55302,Lrpap1
P55937,Golga3
P56135,Atp5mf
P56183,Rrp1
P56212,Arpp19
P56213,Gfer
P56371,Rab4a
P56375,Acyp2
P56376,Acyp1
P56379,Atp5mj
P56380,Nudt2
P56382,Atp5f1e
P56387,Dynlt3
P56389,Cda
P56391,Cox6b1
P56392,Cox7a1
P56393,Cox7b
P56394,Cox17
P56395,Cyb5a
P56399,Usp5
P56480,Atp5f1b
P56542,Dnase2
P56565,S100a1
P56593,Cyp2a12
P56654,Cyp2c37
P56655,Cyp2c38
P56657,Cyp2c40
P56695,Wfs1
P56812,Pdcd5
P56873,Znrd2
P56959,Fus
P56960,Exosc10
P57016,Lad1
P57716,Ncstn
P57746,Atp6v1d
P57759,Erp29
P57776,Eef1d
P57780,Actn4
P57784,Snrpa1
P57791,Rce1
P58021,Tm9sf2
P58044,Idi1
P58058,Nadk
P58059,Mrps21
P58064,Mrps6
P58137,Acot8
P58158,B3gat3
P58252,Eef2
P58281,Opa1
P58389,Ptpa
P58390,Kcnn2
P58404,Strn4
P58466,Ctdsp1
P58501,Paxbp1
P58710,Gulo
P58735,Slc26a1
P58742,Aaas
P58771,Tpm1
P58802,Tbc1d10a
P58854,Tubgcp3
P58871,Tnks1bp1
P59016,Vps33b
P59017,Bcl2l13
P59034,Lrrc3
P59041,Dnajc30
P59048,Pdrg1
P59108,Cpne2
P59114,Pcif1
P59235,Nup43
P59242,Cgn
P59266,Fitm2
P59325,Eif5
P59326,Ythdf1
P59470,Polr3b
P59481,Lman2l
P59708,Sf3b6
P59729,Rin3
P59764,Dock4
P59808,Sash1
P59913,Pcmtd1
P59997,Kdm2a
P59999,Arpc4
P60060,Sec61g
P60122,Ruvbl1
P60229,Eif3e
P60334,Cdo1
P60335,Pcbp1
P60521,Gabarapl2
P60603,Romo1
P60605,Ube2g2
P60670,Nploc4
P60710,Actb
P60762,Morf4l1
P60766,Cdc42
P60824,Cirbp
P60843,Eif4a1
P60867,Rps20
P60898,Polr2i
P60904,Dnajc5
P61021,Rab5b
P61022,Chp1
P61027,Rab10
P61028,Rab8b
P61079,Ube2d3
P61082,Ube2m
P61087,Ube2k
P61089,Ube2n
P61161,Actr2
P61164,Actr1a
P61202,Cops2
P61205,Arf3
P61211,Arl1
P61222,Abce1
P61226,Rap2b
P61255,Rpl26
P61290,Psme3
P61327,Magoh
P61358,Rpl27
P61458,Pcbd1
P61514,Rpl37a
P61600,Naa20
P61620,Sec61a1
P61750,Arf4
P61759,Vbp1
P61804,Dad1
P61922,Abat
P61924,Copz1
P61957,Sumo2
P61961,Ufm1
P61963,Dcaf7
P61965,Wdr5
P61967,Ap1s1
P61971,Nutf2
P61979,Hnrnpk
P61982,Ywhag
P62046,Lrch1
P62069,Usp46
P62071,Rras2
P62073,Timm10
P62075,Timm13
P62077,Timm8b
P62082,Rps7
P62137,Ppp1ca
P62141,Ppp1cb
P62192,Psmc1
P62196,Psmc5
P62242,Rps8
P62245,Rps15a
P62257,Ube2h
P62259,Ywhae
P62264,Rps14
P62267,Rps23
P62270,Rps18
P62274,Rps29
P62281,Rps11
P62301,Rps13
P62305,Snrpe
P62307,Snrpf
P62309,Snrpg
P62311,Lsm3
P62313,Lsm6
P62315,Snrpd1
P62317,Snrpd2
P62320,Snrpd3
P62322,Lsm5
P62331,Arf6
P62334,Psmc6
P62342,Selenot
P62488,Polr2g
P62509,Esrrg
P62627,Dynlrb1
P62700,Ypel5
P62702,Rps4x
P62717,Rpl18a
P62743,Ap2s1
P62746,Rhob
P62748,Hpcal1
P62751,Rpl23a
P62754,Rps6
P62774,Mtpn
P62806,H4c1
P62806,H4c11
P62806,H4c12
P62806,H4c14
P62806,H4c16
P62806,H4c2
P62806,H4c3
P62806,H4c4
P62806,H4c6
P62806,H4c8
P62806,H4c9
P62806,Hist1h4m
P62814,Atp6v1b2
P62821,Rab1a
P62827,Ran
P62830,Rpl23
P62835,Rap1a
P62838,Ube2d2
P62843,Rps15
P62849,Rps24
P62852,Rps25
P62855,Rps26
P62858,Rps28
P62862,Fau
P62869,Elob
P62874,Gnb1
P62878,Rbx1
P62880,Gnb2
P62889,Rpl30
P62892,Rpl39
P62897,Cycs
P62900,Rpl31
P62908,Rps3
P62911,Rpl32
P62915,Gtf2b
P62918,Rpl8
P62960,Ybx1
P62962,Pfn1
P62983,Rps27a
P62984,Uba52
P62996,Tra2b
P63001,Rac1
P63005,Pafah1b1
P63011,Rab3a
P63017,Hspa8
P63024,Vamp3
P63028,Tpt1
P63030,Mpc1
P63037,Dnaja1
P63038,Hspd1
P63073,Eif4e
P63082,Atp6v0c
P63085,Mapk1
P63094,Gnas
P63101,Ywhaz
P63139,Nfyb
P63154,Crnkl1
P63158,Hmgb1
P63163,Snrpn
P63166,Sumo1
P63242,Eif5a
P63271,Supt4h1a
P63276,Rps17
P63280,Ube2i
P63300,Selenow
P63321,Rala
P63323,Rps12
P63325,Rps10
P63328,Ppp3ca
P63330,Ppp2ca
P67778,Phb1
P67871,Csnk2b
P67984,Rpl22
P68033,Actc1
P68037,Ube2l3
P68040,Rack1
P68181,Prkacb
P68254,Ywhaq
P68368,Tuba4a
P68372,Tubb4b
P68373,Tuba1c
P68433,H3c1
P68433,H3c10
P68433,H3c11
P68433,H3c8
P68510,Ywhah
P69566,Ranbp9
P70121,Zhx1
P70122,Sbds
P70158,Smpdl3a
P70168,Kpnb1
P70175,Dlg3
P70182,Pip5k1a
P70191,Traf5
P70195,Psmb7
P70196,Traf6
P70227,Itpr3
P70245,Ebp
P70255,Nfic
P70257,Nfix
P70261,Pald1
P70266,Pfkfb1
P70268,Pkn1
P70274,Selenop
P70279,Surf6
P70280,Vamp7
P70288,Hdac2
P70290,Mpp1
P70295,Aup1
P70296,Pebp1
P70297,Stam
P70302,Stim1
P70303,Ctps2
P70318,Tial1
P70333,Hnrnph2
P70335,Rock1
P70340,Smad1
P70349,Hint1
P70353,Nfyc
P70362,Ufd1
P70372,Elavl1
P70375,F7
P70387,Hfe
P70388,Rad50
P70389,Igfals
P70398,Usp9x
P70404,Idh3g
P70441,Nherf1
P70444,Bid
P70452,Stx4
P70460,Vasp
P70665,Siae
P70670,Naca
P70671,Irf3
P70677,Casp3
P70691,Ugt1a2
P70694,Akr1c6
P70697,Urod
P70698,Ctps1
P70699,Gaa
P70700,Polr1b
P80313,Cct7
P80314,Cct2
P80315,Cct4
P80316,Cct5
P80317,Cct6a
P80318,Cct3
P81117,Nucb2
P83093,Stim2
P83741,Wnk1
P83870,Phf5a
P83877,Txnl4a
P83882,Rpl36a
P83887,Tubg1
P83917,Cbx1
P83940,Eloc
P84078,Arf1
P84084,Arf5
P84089,Erh
P84091,Ap2m1
P84096,Rhog
P84099,Rpl19
P84104,Srsf3
P84228,H3c13
P84228,H3c14
P84228,H3c15
P84228,H3c2
P84228,H3c3
P84228,H3c4
P84228,H3c6
P84228,H3c7
P85094,Isoc2a
P97287,Mcl1
P97290,Serping1
P97298,Serpinf1
P97300,Nptn
P97314,Csrp2
P97325,St3gal3
P97328,Khk
P97348,Rhod
P97351,Rps3a
P97352,S100a13
P97360,Etv6
P97363,Sptlc2
P97364,Sephs2
P97366,Evi5
P97370,Atp1b3
P97371,Psme1
P97372,Psme2
P97376,Frg1
P97379,G3bp2
P97384,Anxa11
P97386,Lig3
P97390,Vps45
P97393,Arhgap5
P97412,Lyst
P97429,Anxa4
P97431,Irf6
P97432,Nbr1
P97434,Mprip
P97449,Anpep
P97450,Atp5pf
P97452,Bop1
P97461,Rps5
P97470,Ppp4c
P97471,Smad4
P97478,Coq7
P97493,Txn2
P97494,Gclc
P97496,Smarcc1
P97499,Tep1
P97501,Fmo3
P97742,Cpt1a
P97760,Polr2c
P97765,Wbp2
P97770,Thumpd3
P97785,Gfra1
P97789,Xrn1
P97792,Cxadr
P97798,Neo1
P97801,Smn1
P97807,Fh
P97819,Pla2g6
P97821,Ctsc
P97822,Anp32e
P97823,Lypla1
P97855,G3bp1
P97858,Slc35b1
P97863,Nfib
P97864,Casp7
P97865,Pex7
P97868,Rbbp6
P97872,Fmo5
P97930,Dtymk
P98064,Masp1
P98083,Shc1
P98192,Gnpat
P98195,Atp9b
P99024,Tubb5
P99025,Gchfr
P99026,Psmb4
P99027,Rplp2
P99028,Uqcrh
P99029,Prdx5
Q00422,Gabpa
Q00519,Xdh
Q00560,Il6st
Q00612,G6pdx
Q00623,Apoa1
Q00724,Rbp4
Q00896,Serpina1c
Q00897,Serpina1d
Q00898,Serpina1e
Q00899,Yy1
Q00915,Rbp1
Q00977,Gjb2
Q00PI9,Hnrnpul2
Q01237,Hmgcr
Q01279,Egfr
Q01339,Apoh
Q01405,Sec23a
Q01730,Rsu1
Q01768,Nme2
Q01853,Vcp
Q02053,Uba1
Q02248,Ctnnb1
Q02257,Jup
Q02614,Sap30bp
Q02780,Nfia
Q02819,Nucb1
Q02956,Prkcz
Q03141,Mark3
Q03145,Epha2
Q03160,Grb7
Q03249,Galt
Q03265,Atp5f1a
Q03311,Bche
Q03734,Serpina3m
Q03963,Eif2ak2
Q04207,Rela
Q04519,Smpd1
Q04736,Yes1
Q04750,Top1
Q04899,Cdk18
Q05117,Acp5
Q05421,Cyp2e1
Q05512,Mark2
Q05793,Hspg2
Q05816,Fabp5
Q05909,Ptprg
Q05915,Gch1
Q05920,Pc
Q05CL8,Larp7
Q05D44,Eif5b
Q06138,Cab39
Q06180,Ptpn2
Q06185,Atp5me
Q06335,Aplp2
Q06649,Sh3bp2
Q06770,Serpina6
Q06890,Clu
Q07076,Anxa7
Q07113,Igf2r
Q07417,Acads
Q07456,Ambp
Q07797,Lgals3bp
Q07813,Bax
Q07968,F13b
Q08288,Lyar
Q08369,Gata4
Q08761,Pros1
Q08857,Cd36
Q08890,Ids
Q08943,Ssrp1
Q09200,B4galnt1
Q09XV5,Chd8
Q0GNC1,Inf2
Q0P5W1,Vps8
Q0P678,Zc3h18
Q0VBL3,Rbm15
Q0VGB7,Ppp4r2
Q11011,Npepps
Q11136,Pepd
Q148V7,Relch
Q148V8,Fam83h
Q148W0,Atp8b1
Q149F3,Gspt2
Q14AI6,Rpusd3
Q14AX6,Cdk12
Q14B48,Itprid1
Q14C51,Ptcd3
Q14CH1,Mocos
Q14CH7,Aars2
Q14DH7,Acss3
Q14DQ1,Fam219b
Q1HFZ0,Nsun2
Q283N4,Urad
Q2EMV9,Parp14
Q2HXL6,Edem3
Q2PFD7,Psd3
Q2TBE6,Pi4k2a
Q2TPA8,Hsdl2
Q2YDW2,Msto1
Q31125,Slc39a7
Q32NY4,Cnnm3
Q33DR2,Pdss1
Q33DR3,Pdss2
Q3B7Z2,Osbp
Q3KNM2,Marchf5
Q3T9X0,Slc2a9
Q3TA59,Jmjd8
Q3TAA7,Stk11ip
Q3TAP4,Ap5b1
Q3TAS6,Emc10
Q3TB82,Plekhf1
Q3TBW2,Mrpl10
Q3TC33,Ccdc127
Q3TC46,Patl1
Q3TC72,Fahd2a
Q3TC93,Hs1bp3
Q3TCH7,Cul4a
Q3TCJ1,Abraxas2
Q3TCN2,Plbd2
Q3TDD9,Ppp1r21
Q3TDK6,Rogdi
Q3TDN2,Faf2
Q3TDQ1,Stt3b
Q3TEA8,Hp1bp3
Q3TFQ1,Spryd7
Q3TGF2,Fam107b
Q3TGW2,Eepd1
Q3TH73,Ttyh2
Q3THE2,Myl12b
Q3THF9,Coq10b
Q3THG9,Aarsd1
Q3THK3,Gtf2f1
Q3THK7,Gmps
Q3THS6,Mat2a
Q3TIR1,Trappc13
Q3TIR3,Ric8a
Q3TIU4,Pde12
Q3TIV5,Zc3h15
Q3TIX9,Usp39
Q3TJ91,Llgl2
Q3TJZ6,Fam98a
Q3TKT4,Smarca4
Q3TKY6,Cwc27
Q3TL26,Tfb2m
Q3TL44,Nlrx1
Q3TLD5,Uri1
Q3TLH4,Prrc2c
Q3TLP5,Echdc2
Q3TLS3,Gdpgp1
Q3TMH2,Scrn3
Q3TMX7,Qsox2
Q3TNA1,Xylb
Q3TNH5,Arb2a
Q3TPE9,Ankmy2
Q3TPX4,Exoc5
Q3TQB2,Foxred1
Q3TRM4,Pnpla6
Q3TSG4,Alkbh5
Q3TTY5,Krt2
Q3TUH1,Tamm41
Q3TW96,Uap1l1
Q3TWI9,Tmem63b
Q3TWL2,Pip4p1
Q3TWW8,Srsf6
Q3TX08,Trmt1
Q3TXS7,Psmd1
Q3TXX3,Zfyve27
Q3TYA6,Mphosph8
Q3TYD4,Arsg
Q3TYS2,Cybc1
Q3TYX3,Smyd5
Q3TZM9,Alg11
Q3TZX3,Slc25a33
Q3TZX8,Nol9
Q3TZZ7,Esyt2
Q3U095,Nxpe2
Q3U0B3,Dhrs11
Q3U0M1,Trappc9
Q3U0V1,Khsrp
Q3U0V2,Tradd
Q3U186,Rars2
Q3U1G5,Isg20l2
Q3U1J4,Ddb1
Q3U1N2,Srebf2
Q3U1V6,Uevld
Q3U213,Serac1
Q3U214,Mast3
Q3U276,Sdhaf1
Q3U2A8,Vars2
Q3U2C5,Rnf149
Q3U2I3,Fhip1b
Q3U2P1,Sec24a
Q3U2U7,Mettl17
Q3U308,Ctu2
Q3U319,Rnf40
Q3U3R4,Lmf1
Q3U3W5,Prmt9
Q3U487,Hectd3
Q3U4I7,Pyroxd2
Q3U515,Vwce
Q3U5C8,Arhgef16
Q3U5Q7,Cmpk2
Q3U6U5,Gtpbp6
Q3U7R1,Esyt1
Q3U7U3,Fbxo7
Q3U821,Wdr75
Q3U829,Ap5z1
Q3U9G9,Lbr
Q3U9N9,Slc16a10
Q3UA37,Qrich1
Q3UBG2,Pid1
Q3UBX0,Tmem109
Q3UBZ5,Mif4gd
Q3UC65,Rsrp1
Q3UCV8,Otulin
Q3UD01,Atxn7l3b
Q3UDE2,Ttll12
Q3UDP0,Wdr41
Q3UDR8,Yipf3
Q3UDW8,Hgsnat
Q3UE37,Ube2z
Q3UEB3,Puf60
Q3UEG6,Agxt2
Q3UEI1,Pde4c
Q3UFF7,Lyplal1
Q3UFK8,Frmd8
Q3UFM5,Nom1
Q3UFS0,Zyg11b
Q3UFS4,Gpatch11
Q3UFT3,Garem1
Q3UFY8,Trmt10c
Q3UG98,Nat9
Q3UGC7,Eif3j1
Q3UGP8,Alg10b
Q3UGP9,Lrrc58
Q3UGR5,Hdhd2
Q3UH06,Rreb1
Q3UH60,Dip2b
Q3UHA3,Spg11
Q3UHB1,Nt5dc3
Q3UHD6,Snx27
Q3UHH1,Zswim8
Q3UHH8,Gxylt1
Q3UHJ0,Aak1
Q3UHN9,Ndst1
Q3UHQ6,Dop1b
Q3UHX0,Nol8
Q3UHX2,Pdap1
Q3UHX9,Spout1
Q3UI43,Babam1
Q3UIA2,Arhgap17
Q3UIL6,Plekha7
Q3UIR3,Dtx3l
Q3UIU2,Ndufb6
Q3UJB9,Edc4
Q3UJD6,Usp19
Q3UJU9,Rmdn3
Q3UKJ7,Smu1
Q3UL36,Arglu1
Q3ULD5,Mccc2
Q3ULF4,Spg7
Q3ULJ0,Gpd1l
Q3ULW8,Parp3
Q3UM18,Lsg1
Q3UM29,Cog7
Q3UM45,Ppp1r7
Q3UMB5,Smcr8
Q3UMB9,Washc4
Q3UMC0,Afg2a
Q3UMF0,Cobll1
Q3UMR0,Ankrd27
Q3UMR5,Mcu
Q3UMT1,Ppp1r12c
Q3UMU9,Hdgfl2
Q3UMW8,Cln5
Q3UMY5,Eml4
Q3UN02,Lclat1
Q3UN04,Usp30
Q3UNA4,Nxt2
Q3UNX5,Acsm3
Q3UNZ8,Cryzl2
Q3UP75,Ugt3a1
Q3UPF5,Zc3hav1
Q3UPH1,Prrc1
Q3UPH7,Arhgef40
Q3UPL0,Sec31a
Q3UPR7,Tmem102
Q3UQ44,Iqgap2
Q3UQ84,Tars2
Q3UQA7,Selenoh
Q3UQN2,Fcho2
Q3UR85,Myrf
Q3URD3,Slmap
Q3URE1,Acsf3
Q3URF8,Kctd21
Q3URQ0,Tex10
Q3URS9,Ccdc51
Q3USH5,Sfswap
Q3USZ8,Dipk2a
Q3UTH8,Arhgef9
Q3UTJ2,Sorbs2
Q3UU96,Cdc42bpa
Q3UUG6,Tbc1d24
Q3UUI3,Them4
Q3UUQ7,Pgap1
Q3UV17,Krt76
Q3UV70,Pdp1
Q3UVG3,Fam91a1
Q3UVK0,Ermp1
Q3UVL4,Vps51
Q3UVR3,Ttbk2
Q3UVU3,Slc30a10
Q3UXZ9,Kdm5a
Q3UY34,Custos
Q3UYH7,Grk3
Q3UYI5,Rgl3
Q3UYV9,Ncbp1
Q3UZ09,C1rl
Q3UZ39,Lrrfip1
Q3UZZ6,Sult1d1
Q3V009,Tmed1
Q3V0C5,Usp48
Q3V1L4,Nt5c2
Q3V1V3,Esf1
Q3V2Q8,N4bp2l1
Q3V384,Afg1l
Q3V3Q7,Pacs2
Q3V3R1,Mthfd1l
Q3V3R4,Itga1
Q3V4B5,Commd6
Q3ZK22,Vezt
Q497J1,Tmem86b
Q497V5,Srbd1
Q499X9,Mars2
Q4FK66,Prpf38a
Q4FZF3,Ddx49
Q4KL35,Magix
Q4KML4,Abracl
Q4KMM3,Oxr1
Q4LDD4,Arap1
Q4LDG0,Slc27a5
Q4PJX1,Odr4
Q4PZA2,Ece1
Q4U2R1,Herc2
Q4VA53,Pds5b
Q4VAA2,Cdv3
Q4VAA7,Snx33
Q4VAC9,Plekhg3
Q4VBD2,Tapt1
Q4VBE8,Wdr18
Q4VC33,Maea
Q501J2,Antkmt
Q501J6,Ddx17
Q501J7,Phactr4
Q505B7,Zbtb8os
Q505D1,Ankrd28
Q505D7,Opa3
Q505F5,Lrrc47
Q52KE7,Ccnl1
Q52KI8,Srrm1
Q566J8,Coq8b
Q569Z5,Ddx46
Q569Z6,Thrap3
Q56A08,Gpkow
Q570Y9,Deptor
Q571B6,Whamm
Q571E4,Galns
Q571F8,Gls2
Q571H0,Urb1
Q571I9,Aldh16a1
Q58A65,Spag9
Q59J78,Ndufaf2
Q5BL07,Pex1
Q5BLK4,Tut7
Q5BU09,Eapp
Q5DTM8,Rnf20
Q5DTT2,Psd
Q5DU37,Zfyve26
Q5DW34,Ehmt1
Q5EG47,Prkaa1
Q5F285,Tmem256
Q5F2E7,Nufip2
Q5F2E8,Taok1
Q5F2F2,Abhd15
Q5FW57,Gm4952
Q5FW60,Mup20
Q5FWK3,Arhgap1
Q5H8C4,Vps13a
Q5HZH2,Tsr3
Q5HZI1,Mtus1
Q5HZI9,Slc25a51
Q5IRJ6,Slc30a9
Q5KU39,Vps41
Q5M8N4,Sdr39u1
Q5MJS3,Fam20c
Q5NBX1,Cobl
Q5NCF2,Trappc1
Q5NCI0,Urgcp
Q5NCM1,Slc17a4
Q5NCQ5,Dph1
Q5NCS9,Mief2
Q5ND29,Rilp
Q5ND34,Wdr81
Q5ND52,Mrm3
Q5PRF0,Heatr5a
Q5PT54,Slc10a5
Q5QGU6,Rtp3
Q5RJ54,Zscan26
Q5RJG1,Nol10
Q5RKZ7,Mocs1
Q5RL79,Krtcap2
Q5SF07,Igf2bp2
Q5SFM8,Rbm27
Q5SGK3,Aox2
Q5SRX1,Tom1l2
Q5SRY7,Fbxw11
Q5SS80,Dhrs13
Q5SSH7,Zzef1
Q5SSH8,Cyb5d2
Q5SSI6,Utp18
Q5SSK3,Tefm
Q5SSW2,Psme4
Q5SSZ5,Tns3
Q5SU73,Coil
Q5SUC9,Sco1
Q5SUE8,Ankrd40
Q5SUF2,Luc7l3
Q5SUR0,Pfas
Q5SV77,Ggnbp2
Q5SV80,Myo19
Q5SV85,Synrg
Q5SVQ0,Kat7
Q5SVR0,Tbc1d9b
Q5SW19,Cluh
Q5SWD9,Tsr1
Q5SWT3,Slc25a35
Q5SWU9,Acaca
Q5SWW4,Med13
Q5SX19,Pigl
Q5SX79,Shroom1
Q5SXA9,Wwc1
Q5SYD0,Myo1d
Q5SYH2,Tmem199
Q5SYL3,Bltp2
Q5SZA1,Slc17a2
Q5SZT7,Nkapl
Q5U3K5,Rabl6
Q5U405,Tmprss13
Q5U419,Mfsd3
Q5U430,Ubr3
Q5U431,Gpr39
Q5U458,Dnajc11
Q5U4C3,Scaf1
Q5U4D9,Thoc6
Q5U4E2,Repin1
Q5U5M8,Bloc1s3
Q5U5Q9,Uimc1
Q5U5V2,Hykk
Q5U680,Slc25a26
Q5XG71,Utp20
Q5XG73,Acbd5
Q5XJE5,Leo1
Q5XJY4,Parl
Q5XJY5,Arcn1
Q5XKN4,Jagn1
Q5XPI3,Rnf123
Q5Y5T1,Zdhhc20
Q5YD48,A1cf
Q60520,Sin3a
Q60575,Kif1b
Q60590,Orm1
Q60596,Xrcc1
Q60597,Ogdh
Q60598,Cttn
Q60605,Myl6
Q60631,Grb2
Q60634,Flot2
Q60641,Nr1h4
Q60648,Gm2a
Q60649,Clpb
Q60668,Hnrnpd
Q60676,Ppp5c
Q60680,Chuk
Q60692,Psmb6
Q60710,Samhd1
Q60714,Slc27a1
Q60715,P4ha1
Q60737,Csnk2a1
Q60738,Slc30a1
Q60739,Bag1
Q60749,Khdrbs1
Q60759,Gcdh
Q60766,Irgm1
Q60770,Stxbp3
Q60772,Cdkn2c
Q60778,Nfkbib
Q60809,Cnot7
Q60823,Akt2
Q60855,Ripk1
Q60864,Stip1
Q60865,Caprin1
Q60866,Pter
Q60870,Reep5
Q60872,Eif1a
Q60902,Eps15l1
Q60930,Vdac2
Q60931,Vdac3
Q60932,Vdac1
Q60936,Coq8a
Q60953,Pml
Q60960,Kpna1
Q60967,Papss1
Q60972,Rbbp4
Q60973,Rbbp7
Q60974,Ncor1
Q60989,Xiap
Q60991,Cyp7b1
Q60992,Vav2
Q60996,Ppp2r5c
Q60I26,Als2cl
Q61009,Scarb1
Q61029,Tmpo
Q61033,Tmpo
Q61035,Hars1
Q61037,Tsc2
Q61048,Wbp4
Q61070,Ei24
Q61072,Adam9
Q61074,Ppm1g
Q61081,Cdc37
Q61102,Abcb7
Q61103,Dpf2
Q61107,Gbp3
Q61112,Sdf4
Q61122,Nab1
Q61129,Cfi
Q61133,Gstt2
Q61136,Prp4k
Q61140,Bcar1
Q61144,Psen2
Q61146,Ocln
Q61147,Cp
Q61151,Ppp2r5e
Q61153,Dio1
Q61160,Fadd
Q61164,Ctcf
Q61166,Mapre1
Q61171,Prdx2
Q61176,Arg1
Q61183,Papola
Q61187,Tsg101
Q61189,Clns1a
Q61191,Hcfc1
Q61194,Pik3c2a
Q61205,Pafah1b3
Q61206,Pafah1b2
Q61207,Psap
Q61210,Arhgef1
Q61211,Eif2d
Q61214,Dyrk1a
Q61216,Mre11
Q61233,Lcp1
Q61234,Snta1
Q61235,Sntb2
Q61239,Fnta
Q61247,Serpinf2
Q61249,Igbp1
Q61268,Apoc4
Q61285,Abcd2
Q61316,Hspa4
Q61334,Bcap29
Q61335,Bcap31
Q61387,Cox7a2l
Q61390,Cct6b
Q61391,Mme
Q61409,Pde3b
Q61411,Hras
Q61418,Clcn4
Q61419,Cmah
Q61420,Slc35a1
Q61425,Hadh
Q61458,Ccnh
Q61464,Znf638
Q61490,Alcam
Q61503,Nt5e
Q61510,Trim25
Q61526,Erbb3
Q61542,Stard3
Q61543,Glg1
Q61545,Ewsr1
Q61550,Rad21
Q61559,Fcgrt
Q61578,Fdxr
Q61581,Igfbp7
Q61584,Fxr1
Q61586,Gpam
Q61595,Ktn1
Q61598,Gdi2
Q61606,Gcgr
Q61609,Slc20a1
Q61624,Znf148
Q61646,Hp
Q61655,Ddx19a
Q61656,Ddx5
Q61686,Cbx5
Q61687,Atrx
Q61694,Hsd3b5
Q61699,Hsph1
Q61702,Itih1
Q61703,Itih2
Q61704,Itih3
Q61712,Dnajc1
Q61730,Il1rap
Q61733,Mrps31
Q61735,Cd47
Q61739,Itga6
Q61749,Eif2b4
Q61768,Kif5b
Q61792,Lasp1
Q61823,Pdcd4
Q61838,Pzp
Q61879,Myh10
Q61907,Pemt
Q61908,Cmc4
Q61937,Npm1
Q61941,Nnt
Q61990,Pcbp2
Q62018,Ctr9
Q62073,Map3k7
Q62074,Prkci
Q62077,Plcg1
Q62086,Pon2
Q62087,Pon3
Q62093,Srsf2
Q62095,Ddx3y
Q62159,Rhoc
Q62165,Dag1
Q62167,Ddx3x
Q62172,Ralbp1
Q62186,Ssr4
Q62189,Snrpa
Q62193,Rpa2
Q62203,Sf3a2
Q62241,Snrpc
Q62245,Sos1
Q62261,Sptbn1
Q62264,Thrsp
Q62280,Ss18
Q62302,Tex261
Q62311,Taf6
Q62313,Tgoln1
Q62318,Trim28
Q62348,Tsn
Q62351,Tfrc
Q62376,Snrnp70
Q62383,Supt6h
Q62384,Zpr1
Q62392,Phlda1
Q62393,Tpd52
Q62406,Irak1
Q62417,Sorbs1
Q62418,Dbnl
Q62419,Sh3gl1
Q62422,Ostf1
Q62425,Ndufa4
Q62426,Cstb
Q62432,Smad2
Q62433,Ndrg1
Q62446,Fkbp3
Q62448,Eif4g2
Q62452,Ugt1a9
Q62465,Vat1
Q62470,Itga3
Q62504,Spen
Q62523,Zyx
Q63739,Ptp4a1
Q63829,Commd3
Q63836,Selenbp2
Q63844,Mapk3
Q63850,Nup62
Q63880,Ces3a
Q63886,Ugt1a1
Q63932,Map2k2
Q63ZW7,Patj
Q64010,Crk
Q64012,Raly
Q640L3,Ccpg1
Q640M1,Utp14a
Q64105,Spr
Q64127,Trim24
Q64133,Maoa
Q64152,Btf3
Q64176,Ces1e
Q64191,Aga
Q64213,Sf1
Q64261,Cdk6
Q64282,Ifit1
Q64310,Surf4
Q64311,Ntan1
Q64321,Zbtb7b
Q64324,Stxbp2
Q64331,Myo6
Q64337,Sqstm1
Q64339,Isg15
Q64362,Aktip
Q64373,Bcl2l1
Q64374,Rgn
Q64378,Fkbp5
Q64433,Hspe1
Q64435,Ugt1a6
Q64442,Sord
Q64446,Atp7b
Q64455,Ptprj
Q64458,Cyp2c29
Q64459,Cyp3a11
Q64464,Cyp3a13
Q64471,Gstt1
Q64475,H2bc3
Q64478,H2bc9
Q64481,Cyp3a16
Q64487,Ptprd
Q64505,Cyp7a1
Q64511,Top2b
Q64512,Ptpn13
Q64514,Tpp2
Q64516,Gk
Q64520,Guk1
Q64521,Gpd2
Q64522,H2ac21
Q64523,H2ac20
Q64669,Nqo1
Q64674,Srm
Q64685,St6gal1
Q64705,Usf2
Q64726,Azgp1
Q64727,Vcl
Q64735,Cr1l
Q64737,Gart
Q64FW2,Retsat
Q65Z40,Wapl
Q66GT5,Ptpmt1
Q66JZ4,TCAIM
Q689Z5,Sbno1
Q68ED3,Tent4b
Q68EF0,Rab3ip
Q68FD5,Cltc
Q68FE2,Atg9a
Q68FF6,Git1
Q68FF9,Srd5a1
Q68FH0,Pkp4
Q68FH4,Galk2
Q68FL4,Ahcyl2
Q68FL6,Mars1
Q69Z37,Samd9l
Q69Z99,Znf512
Q69ZA1,Cdk13
Q69ZB8,Zcchc2
Q69ZC8,Gpalpp1
Q69ZF3,Gba2
Q69ZJ7,Ric1
Q69ZL1,Fgd6
Q69ZP3,Pnkd
Q69ZQ1,Myorg
Q69ZQ2,Isy1
Q69ZR2,Hectd1
Q69ZR9,Tasor
Q69ZS7,Hbs1l
Q69ZT1,Fan1
Q69ZW3,Ehbp1
Q69ZX8,Ablim3
Q69ZZ6,Tmcc1
Q6A009,Ltn1
Q6A026,Pds5a
Q6A028,Swap70
Q6A068,Cdc5l
Q6A098,Secisbp2l
Q6A0A2,Larp4b
Q6A0A9,FAM120A
Q6A4J8,Usp7
Q6AW69,Cgnl1
Q6DFV3,Arhgap21
Q6DFW4,Nop58
Q6DFX2,Antxr2
Q6DG52,Churc1
Q6DI86,Fastkd1
Q6DIC0,Smarca2
Q6DID3,Scaf8
Q6DVA0,Lemd2
Q6DYE8,Enpp3
Q6GQS1,Slc25a23
Q6GQT6,Scap
Q6GQT9,Nomo1
Q6GSS7,Hist2h2aa1
Q6GSS7,Hist2h2aa2
Q6GV12,Kdsr
Q6IFX2,Krt42
Q6IQX8,Znf219
Q6IRU5,Cltb
Q6IS41,Slc25a47
Q6KAR6,Exoc3
Q6KCD5,Nipbl
Q6NS46,Pdcd11
Q6NS82,Retreg2
Q6NSR3,Adck2
Q6NSR8,Npepl1
Q6NT99,Dusp23
Q6NV83,U2surp
Q6NVE9,Pptc7
Q6NVF9,Cpsf6
Q6NWW9,Fndc3b
Q6NXI6,Rprd2
Q6NXM2,Rcbtb1
Q6NZB0,Dnajc8
Q6NZC7,Sec23ip
Q6NZF1,Zc3h11a
Q6NZJ6,Eif4g1
Q6NZN0,Rbm26
Q6NZQ2,Ddx31
Q6NZQ4,Paxip1
Q6P069,Sri
Q6P073,Ube2j2
Q6P1B1,Xpnpep1
Q6P1F6,Ppp2r2a
Q6P1G0,Heatr6
Q6P1H6,Ankle2
Q6P2B1,Tnpo3
Q6P2K6,Ppp4r3a
Q6P2L6,Nsd3
Q6P3A8,Bckdhb
Q6P3B9,Rbfa
Q6P3D0,Nudt16
Q6P3E7,Hdac10
Q6P4S6,Sik3
Q6P4S8,Ints1
Q6P4T0,Atg2a
Q6P4T2,Snrnp200
Q6P542,Abcf1
Q6P549,Inppl1
Q6P5B0,Rrp12
Q6P5D3,Dhx57
Q6P5D8,Smchd1
Q6P5E4,Uggt1
Q6P5F7,Ttyh3
Q6P5F9,Xpo1
Q6P5G6,Ubxn7
Q6P6I6,Polr2m
Q6P6J9,Txndc15
Q6P6M5,Pex11g
Q6P6M7,Sepsecs
Q6P8I4,Pcnp
Q6P8I6,Cox11
Q6P8J2,Sat2
Q6P8M1,Tatdn1
Q6P8X1,Snx6
Q6P9K9,Nrxn3
Q6P9N1,Hycc1
Q6P9Q6,Fkbp15
Q6P9R1,Ddx51
Q6P9R2,Oxsr1
Q6PA06,Atl2
Q6PAC3,Dcaf13
Q6PAJ1,Bcr
Q6PAM1,Txlna
Q6PAQ4,Rexo4
Q6PAR0,Klhdc10
Q6PAR5,Gapvd1
Q6PAV2,Herc4
Q6PB44,Ptpn23
Q6PB66,Lrpprc
Q6PB93,Galnt2
Q6PCM2,Ints6
Q6PCP5,Mff
Q6PD03,Ppp2r5a
Q6PD10,Ip6k1
Q6PD21,Shb
Q6PD26,Pigs
Q6PDE7,Ggt6
Q6PDG5,Smarcc2
Q6PDG8,Mon1a
Q6PDI5,Ecpas
Q6PDL0,Dync1li2
Q6PDM2,Srsf1
Q6PDN3,Mylk
Q6PDQ2,Chd4
Q6PDY2,Ado
Q6PE01,Snrnp40
Q6PE15,Abhd10
Q6PE54,Dhx40
Q6PEB4,Osgepl1
Q6PEB6,Mob4
Q6PEE2,Ctif
Q6PEM6,Gramd2b
Q6PER3,Mapre3
Q6PEV3,Wipf2
Q6PF93,Pik3c3
Q6PFD9,Nup98
Q6PFR5,Tra2a
Q6PGB6,Naa50
Q6PGC1,Dhx29
Q6PGD0,Atraid
Q6PGF3,Med16
Q6PGF7,Exoc8
Q6PGG6,Gnl3l
Q6PGH1,Bud31
Q6PGH2,Jpt2
Q6PGL7,Washc2
Q6PHN9,Rab35
Q6PHQ8,Naa35
Q6PHU5,Sort1
Q6PIJ4,Nfrkb
Q6PIP5,Nudcd1
Q6PJN8,Dalrd3
Q6PNC0,Dmxl1
Q6PR54,Rif1
Q6Q899,Rigi
Q6QD59,Bnip1
Q6QI06,Rictor
Q6RHR9,Magi1
Q6RI63,Fam120b
Q6RUT7,Uqcc4
Q6SKR2,N6amt1
Q6TCG2,Paqr9
Q6TEK5,Vkorc1l1
Q6URW6,Myh14
Q6VN19,Ranbp10
Q6VNB8,Wdfy3
Q6VVW5,Npr2
Q6W8Q3,Pcp4l1
Q6WKZ7,Nostrin
Q6WKZ8,Ubr2
Q6WVG3,Kctd12
Q6X893,Slc44a1
Q6XVG2,Cyp2c54
Q6Y7W8,Gigyf2
Q6ZPE2,Sbf1
Q6ZPF3,Tiam2
Q6ZPJ0,Tex2
Q6ZPJ3,Ube2o
Q6ZPQ6,Pitpnm2
Q6ZPR5,Smpd4
Q6ZPR6,Ibtk
Q6ZPS6,Ankib1
Q6ZPT1,Klhl9
Q6ZPV2,Ino80
Q6ZPY2,Smg5
Q6ZPZ3,Zc3h4
Q6ZQ08,Cnot1
Q6ZQ38,Cand1
Q6ZQ58,Larp1
Q6ZQ88,Kdm1a
Q6ZQ89,Marchf6
Q6ZQ93,Usp34
Q6ZQA0,Nbeal2
Q6ZQB6,Ppip5k2
Q6ZQH8,Nup188
Q6ZQI3,Mlec
Q6ZQK5,Acap2
Q6ZQL4,Wdr43
Q6ZWM4,Lsm8
Q6ZWN5,Rps9
Q6ZWQ0,Syne2
Q6ZWQ7,Spcs3
Q6ZWR6,Syne1
Q6ZWU9,Rps27
Q6ZWV3,Rpl10
Q6ZWV7,Rpl35
Q6ZWX6,Eif2s1
Q6ZWY3,Rps27l
Q6ZWZ2,Ube2r2
Q70FJ1,Akap9
Q711T7,Nadsyn1
Q71FD5,Znrf2
Q71KT5,Tm7sf2
Q71KU9,Fgl1
Q71LX4,Tln2
Q71RI9,Kyat3
Q75N73,Slc39a14
Q762D5,Slc35d2
Q76KJ5,Polr1g
Q76LS9,Mindy1
Q76M72,Slc22a27
Q76MZ3,Ppp2r1a
Q78HU3,Mvb12a
Q78IK2,Atp5mk
Q78IK4,Apool
Q78IQ7,Slc39a4
Q78IS1,Tmed3
Q78J03,Msrb2
Q78JE5,Fbxo22
Q78JN3,Eci3
Q78JT3,Haao
Q78JW9,Ubfd1
Q78KK3,Slc22a18
Q78PG9,Ccdc25
Q78PY7,Snd1
Q78RX3,Smim12
Q78WZ7,Polr1f
Q78XF5,Ostc
Q78YY6,Dnajc15
Q78ZA7,Nap1l4
Q791N7,Polr1h
Q791T5,Mtch1
Q791V5,Mtch2
Q7JJ13,Brd2
Q7M6Y3,Picalm
Q7SIG6,Asap2
Q7TMB8,Cyfip1
Q7TMC8,Fcsk
Q7TMF3,Ndufa12
Q7TMI3,Uhrf2
Q7TMK6,Hook2
Q7TMK9,Syncrip
Q7TMM8,Parp16
Q7TMM9,Tubb2a
Q7TMQ7,Wdr91
Q7TMR0,Prcp
Q7TMS5,Abcg2
Q7TMV1,Rnf139
Q7TMV3,Fastkd5
Q7TMW6,Ciao3
Q7TMY4,Thoc7
Q7TMY7,Ipo8
Q7TMY8,Huwe1
Q7TN12,Inava
Q7TN29,Smap2
Q7TN98,Cpeb4
Q7TNC4,Luc7l2
Q7TNE1,Sugct
Q7TNG5,Eml2
Q7TNG8,Ldhd
Q7TNP2,Ppp2r1b
Q7TNS2,Micos10
Q7TNV0,Dek
Q7TPD0,Ints3
Q7TPD1,Fbxo11
Q7TPD2,Fam185a
Q7TPE5,Slc7a6os
Q7TPM1,Prrc2b
Q7TPM9,Mtmr10
Q7TPR4,Actn1
Q7TPV4,Mybbp1a
Q7TQ95,Lnpk
Q7TQD2,Tppp
Q7TQE6,Maco1
Q7TQG1,Plekha6
Q7TQH0,Atxn2l
Q7TQI3,Otub1
Q7TQI7,Abtb2
Q7TQK1,Ints7
Q7TQK4,Exosc3
Q7TQK5,Ccdc93
Q7TSC1,Prrc2a
Q7TSE6,Stk38l
Q7TSG2,Ctdp1
Q7TSH2,Phkb
Q7TSH3,Znf516
Q7TSH6,Scaf4
Q7TSI3,Ppp6r1
Q7TSQ8,Pdpr
Q7TSS2,Ube2q1
Q7TSV4,Pgm2
Q7TSZ8,Nacc1
Q7TT18,Atf7ip
Q7TT37,Elp1
Q7TT50,Cdc42bpb
Q80SU7,Gvin1
Q80SW1,Ahcyl1
Q80SY4,Mib1
Q80SY5,Prpf38b
Q80T85,Dcaf5
Q80TA1,Selenoi
Q80TA6,Mtmr12
Q80TA9,Epg5
Q80TE0,Rpap1
Q80TH2,Erbin
Q80TL7,Mon2
Q80TM9,Nisch
Q80TN4,Dnajc16
Q80TN5,Zdhhc17
Q80TP3,Ubr5
Q80TR8,Dcaf1
Q80TV8,Clasp1
Q80TY5,Vps13b
Q80U30,Clec16a
Q80U38,Khnyn
Q80U44,Zfyve16
Q80U49,Cep170b
Q80U56,Avl9
Q80U58,Pum2
Q80U63,Mfn2
Q80U70,Suz12
Q80U72,Scrib
Q80U78,Pum1
Q80U87,Usp8
Q80U93,Nup214
Q80U95,Ube3c
Q80UG1,Fads6
Q80UG5,Septin9
Q80UJ7,Rab3gap1
Q80UK8,Ints2
Q80UM3,Naa15
Q80UM7,Mogs
Q80UN9,Trit1
Q80UP8,Slc20a2
Q80US4,Actr5
Q80UU1,Ankzf1
Q80UU2,Rpp38
Q80UU9,Pgrmc2
Q80UV9,Taf1
Q80UW8,Polr2e
Q80UY1,Carnmt1
Q80UY2,Kcmf1
Q80UZ2,Sdad1
Q80V03,Adck5
Q80V26,Bpnt2
Q80V91,Dtx3
Q80V94,Ap4e1
Q80VC9,Camsap3
Q80VD1,Fam98b
Q80VI1,Trim56
Q80VJ2,Sra1
Q80VJ3,Dnph1
Q80VL1,Tdrkh
Q80VP1,Epn1
Q80VP5,Mtrfr
Q80VY9,Dhx33
Q80W00,Ppp1r10
Q80W21,Gstm7
Q80W22,Thnsl2
Q80W47,Wipi2
Q80W54,Zmpste24
Q80W65,Pcsk9
Q80WC7,Agfg2
Q80WG5,Lrrc8a
Q80WJ7,Mtdh
Q80WQ2,Vac14
Q80WT5,Aftph
Q80WW9,Ddrgk1
Q80X41,Vrk1
Q80X50,Ubap2l
Q80X71,Tmem106b
Q80X73,Pelo
Q80X80,C2cd2l
Q80X82,Sympk
Q80X85,Mrps7
Q80X90,Flnb
Q80X95,Rraga
Q80XA6,Reps2
Q80XC2,Trmt61a
Q80XC3,Usp6nl
Q80XD1,Chn2
Q80XH1,Kxd1
Q80XI3,Eif4g3
Q80XI4,Pip4k2b
Q80XL6,Acad11
Q80XN0,Bdh1
Q80XQ2,Tbc1d5
Q80XR2,Atp2c1
Q80XU3,Nucks1
Q80Y14,Glrx5
Q80Y44,Ddx10
Q80Y55,Bsdc1
Q80Y56,Rbsn
Q80Y81,Elac2
Q80YC5,F12
Q80YD1,Supv3l1
Q80YE7,Dapk1
Q80YQ2,Med23
Q80YQ8,Rmnd5a
Q80YR4,Znf598
Q80YR5,Safb2
Q80YR9,Rbm12b1
Q80YT7,Pde4dip
Q80YV2,Zc3hc1
Q80YV3,Trrap
Q80YV4,Pank4
Q80ZE4,Paqr7
Q80ZJ1,Rap2a
Q80ZJ6,Zer1
Q80ZK0,Mrps10
Q80ZK9,Wdtc1
Q80ZM3,Mettl20
Q80ZM8,Crls1
Q80ZQ9,Abitram
Q80ZS3,Mrps26
Q80ZU0,Arl5a
Q810A7,Ddx42
Q810B6,Ankfy1
Q810D6,Grwd1
Q810J8,Zfyve1
Q810U5,Ccdc50
Q810V0,Mphosph10
Q811D0,Dlg1
Q811I0,Atpaf1
Q811J3,Ireb2
Q811S7,Ubp1
Q811U4,Mfn1
Q812E0,Cpeb2
Q8BFP9,Pdk1
Q8BFQ4,Wdr82
Q8BFQ8,Gatd1
Q8BFR4,Gns
Q8BFR5,Tufm
Q8BFR6,Zfand1
Q8BFS6,Cpped1
Q8BFU3,Rnf214
Q8BFV2,Pcid2
Q8BFW4,Trim65
Q8BFW7,Lpp
Q8BFY6,Pef1
Q8BFY9,Tnpo1
Q8BFZ3,Actbl2
Q8BFZ9,Erlin2
Q8BG05,Hnrnpa3
Q8BG07,Pld4
Q8BG30,Nelfa
Q8BG32,Psmd11
Q8BG51,Rhot1
Q8BG60,Txnip
Q8BG67,Efr3a
Q8BG73,Sh3bgrl2
Q8BG79,Cwf19l2
Q8BG81,Poldip3
Q8BGA5,Krr1
Q8BGA7,Ints15
Q8BGA8,Acsm5
Q8BGA9,Oxa1l
Q8BGB2,Ttc7a
Q8BGB7,Enoph1
Q8BGB8,Coq4
Q8BGC0,Htatsf1
Q8BGC3,Slc16a12
Q8BGC4,Ptgr3
Q8BGD6,Slc38a9
Q8BGD8,Coa6
Q8BGD9,Eif4b
Q8BGE6,Atg4b
Q8BGE7,Trim6
Q8BGF3,Dnaaf10
Q8BGF6,Elmod2
Q8BGF9,Slc25a44
Q8BGG9,Acnat2
Q8BGH2,Samm50
Q8BGI3,Insig1
Q8BGI5,Pex26
Q8BGP6,Slc25a40
Q8BGQ4,Pomt2
Q8BGQ7,Aars1
Q8BGR2,Lrrc8d
Q8BGR6,Arl15
Q8BGR9,Ublcp1
Q8BGS0,Mak16
Q8BGS1,Epb41l5
Q8BGS2,Bola2
Q8BGS7,Cept1
Q8BGT0,Ostm1
Q8BGT5,Gpt2
Q8BGU5,Ccny
Q8BGV0,Nars2
Q8BGV8,Mief1
Q8BGW1,Fto
Q8BGX0,Trim23
Q8BGX2,Timm29
Q8BGY7,Fam210a
Q8BGZ4,Cdc23
Q8BH00,Aldh8a1
Q8BH04,Pck2
Q8BH15,Cnot10
Q8BH24,Tm9sf4
Q8BH35,C8b
Q8BH43,Wasf2
Q8BH47,Sec22a
Q8BH48,Ubap1
Q8BH55,Thnsl1
Q8BH57,Wdr48
Q8BH58,Tiprl
Q8BH59,Slc25a12
Q8BH60,Gopc
Q8BH65,Dennd6a
Q8BH66,Atl1
Q8BH69,Sephs1
Q8BH70,Fbxl4
Q8BH73,Qpctl
Q8BH74,Nup107
Q8BH79,Ano10
Q8BH86,Dglucy
Q8BH95,Echs1
Q8BHA3,Dtd2
Q8BHB4,Wdr3
Q8BHC4,Dcakd
Q8BHC7,Rhbdd1
Q8BHD7,Ptbp3
Q8BHD8,Pcmtd2
Q8BHE8,Maip1
Q8BHF7,Pgs1
Q8BHG1,Nrdc
Q8BHG2,Czib
Q8BHH1,Aqp11
Q8BHI7,Elovl5
Q8BHJ5,Tbl1xr1
Q8BHJ9,Slu7
Q8BHL8,Psmf1
Q8BHN0,Ppm1l
Q8BHN1,Txlng
Q8BHN3,Ganab
Q8BHS3,Rbm22
Q8BHS6,Armcx3
Q8BHY2,Noc4l
Q8BHY8,Snx14
Q8BHZ4,Znf592
Q8BI08,Mal2
Q8BI72,Cdkn2aip
Q8BI84,Mia3
Q8BIF0,Cd99l2
Q8BIG7,Comtd1
Q8BIJ6,Iars2
Q8BIJ7,Rufy1
Q8BIK4,Dock9
Q8BIL5,Hook1
Q8BIP0,Dars2
Q8BIQ5,Cstf2
Q8BIS8,Ccdc126
Q8BIW1,Prune1
Q8BIX3,Arl14ep
Q8BIZ6,Snip1
Q8BJ03,Cox15
Q8BJ05,Zc3h14
Q8BJ34,Marf1
Q8BJ48,Nagpa
Q8BJ64,Chdh
Q8BJ71,Nup93
Q8BJ90,Znf771
Q8BJL1,Fbxo30
Q8BJM5,Slc30a6
Q8BJM7,Tyw1
Q8BJS4,Sun2
Q8BJT9,Edem2
Q8BJU0,Sgta
Q8BJU2,Tspan9
Q8BJU9,Mtrf1l
Q8BJW5,Nol11
Q8BJW6,Eif2a
Q8BJY1,Psmd5
Q8BJZ4,Mrps35
Q8BK03,Miga2
Q8BK08,Tmem11
Q8BK30,Ndufv3
Q8BK35,Nop53
Q8BK48,Ces2e
Q8BK63,Csnk1a1
Q8BK64,Ahsa1
Q8BK67,Rcc2
Q8BK72,Mrps27
Q8BKC5,Ipo5
Q8BKC8,Pi4kb
Q8BKE6,Cyp20a1
Q8BKF1,Polrmt
Q8BKH7,Mapkap1
Q8BKI2,Tnrc6b
Q8BKJ9,Sirt7
Q8BKR5,Ppp1r37
Q8BKS9,Pum3
Q8BKT7,Thoc5
Q8BKU8,Tmem87b
Q8BKX1,Baiap2
Q8BKX6,Smg1
Q8BKY8,Mterf2
Q8BKZ9,Pdhx
Q8BL66,Eea1
Q8BL74,Gtf3c2
Q8BL86,Mblac2
Q8BL97,Srsf7
Q8BLF1,Nceh1
Q8BLN5,Lss
Q8BLX4,Slc35c1
Q8BLY1,Smoc1
Q8BLY2,Tars3
Q8BM55,Tmem214
Q8BM72,Hspa13
Q8BM85,Tbck
Q8BM88,Ctso
Q8BMA6,Srp68
Q8BMB3,Eif4e2
Q8BMC4,Nop9
Q8BMD5,Cdadc1
Q8BMD6,Tmem260
Q8BMF4,Dlat
Q8BMG7,Rab3gap2
Q8BMG8,Slc25a32
Q8BMI0,Fbxo38
Q8BMJ2,Lars1
Q8BMJ3,Eif1ax
Q8BMJ7,Cgrrf1
Q8BMK1,Mettl2
Q8BML9,Qars1
Q8BMP6,Acbd3
Q8BMQ2,Gtf3c4
Q8BMS1,Hadha
Q8BMS4,Coq3
Q8BMZ5,Tsen34
Q8BN21,Vrk2
Q8BN82,Slc17a5
Q8BND5,Qsox1
Q8BNI4,Derl2
Q8BNU0,Armc6
Q8BNV1,Trmt2a
Q8BP07,Tmem220
Q8BP40,Acp6
Q8BP47,Nars1
Q8BP48,Metap1
Q8BP56,Pgghg
Q8BP67,Rpl24
Q8BP71,Rbfox2
Q8BP74,Pstk
Q8BP78,Fra10ac1
Q8BP92,Rcn2
Q8BPB0,Mob1b
Q8BPE4,Tmem177
Q8BPG6,Sumf2
Q8BPM0,Daam1
Q8BPM2,Map4k5
Q8BPN8,Dmxl2
Q8BPS4,Gpr180
Q8BPT6,Immp2l
Q8BQ47,Cnpy4
Q8BQM4,Heatr3
Q8BQU7,Tmem74
Q8BQZ4,Ralgapb
Q8BQZ5,Cpsf4
Q8BR70,Yipf6
Q8BR90,Rimoc1
Q8BRF7,Scfd1
Q8BRG8,Tmem209
Q8BRH0,Tmtc3
Q8BRK8,Prkaa2
Q8BRT1,Clasp2
Q8BRV5,Kiaa1671
Q8BS35,Agmo
Q8BS95,Gpr89
Q8BSE0,Rmdn2
Q8BSF4,Pisd
Q8BSK8,Rps6kb1
Q8BSM7,Slc43a1
Q8BSQ9,Pbrm1
Q8BSS9,Ppfia2
Q8BSY0,Asph
Q8BT35,Mtln
Q8BT60,Cpne3
Q8BTE5,Cebpzos
Q8BTI7,Ankrd52
Q8BTI8,Srrm2
Q8BTI9,Pik3cb
Q8BTJ4,Enpp4
Q8BTM8,Flna
Q8BTS4,Nup54
Q8BTT6,Utp25
Q8BTU1,Cfap20
Q8BTV2,Cpsf7
Q8BTW3,Exosc6
Q8BTW9,Pak4
Q8BTX9,Hsdl1
Q8BTY1,Kyat1
Q8BTY2,Slc4a7
Q8BTY8,Scfd2
Q8BTZ5,Ankrd46
Q8BTZ7,Gmppb
Q8BU03,Pwp2
Q8BU04,Ubr7
Q8BU11,Tox4
Q8BU14,Sec62
Q8BU30,Iars1
Q8BU31,Rap2c
Q8BU33,Ilvbl
Q8BU88,Mrpl22
Q8BUB4,Wdfy2
Q8BUE4,Aifm2
Q8BUK6,Hook3
Q8BUR4,Dock1
Q8BUV3,Gphn
Q8BUV8,Gpr107
Q8BUY5,Timmdc1
Q8BV13,Cops7b
Q8BVA2,Tmem222
Q8BVA5,Ldah
Q8BVD5,Mpp7
Q8BVE3,Atp6v1h
Q8BVF2,Pdcl3
Q8BVG4,Dpp9
Q8BVI4,Qdpr
Q8BVI5,Stx16
Q8BVL3,Snx17
Q8BVQ5,Ppme1
Q8BVR6,Rspry1
Q8BVU5,Nudt9
Q8BVW0,Ganc
Q8BVW3,Trim14
Q8BVY0,Rsl1d1
Q8BVZ1,Plin5
Q8BW00,Ptrh1
Q8BW10,Nob1
Q8BW66,Slc25a48
Q8BW75,Maob
Q8BWF0,Aldh5a1
Q8BWG9,Orai1
Q8BWH0,Slc38a7
Q8BWJ3,Phka2
Q8BWM0,Ptges2
Q8BWN8,Acot4
Q8BWP5,Ttpa
Q8BWP8,B4gat1
Q8BWQ1,Ugt2a3
Q8BWQ6,Vps35l
Q8BWR2,Pithd1
Q8BWR4,Usp40
Q8BWS5,Gprin3
Q8BWT1,Acaa2
Q8BWU5,Osgep
Q8BWU8,Etnppl
Q8BWW4,Larp4
Q8BWW9,Pkn2
Q8BWY3,Etf1
Q8BWY7,Slc39a11
Q8BWZ3,Naa25
Q8BX02,Kank2
Q8BX09,Rbbp5
Q8BX10,Pgam5
Q8BX17,Gemin5
Q8BX70,Vps13c
Q8BX80,Engase
Q8BX90,Fndc3a
Q8BX94,Osbpl2
Q8BXA1,Golim4
Q8BXA5,Clptm1l
Q8BXB6,Slco2b1
Q8BXC6,Commd2
Q8BXJ9,Tmem62
Q8BXK9,Clic5
Q8BXL7,Arfrp1
Q8BXN7,Ppm1k
Q8BXQ2,Pigt
Q8BXV2,Bri3bp
Q8BXZ1,Tmx3
Q8BY71,Hat1
Q8BY87,Usp47
Q8BYA0,Tbcd
Q8BYB9,Poglut1
Q8BYC6,Taok3
Q8BYH7,Tbc1d17
Q8BYI8,Fam234b
Q8BYK6,Ythdf3
Q8BYL4,Yars2
Q8BYM8,Cars2
Q8BYU6,Tor1aip2
Q8BYY4,Ttc39b
Q8BYZ7,Elmo3
Q8BZ03,Prkd2
Q8BZ09,Slc25a21
Q8BZ20,Parp12
Q8BZ36,Rint1
Q8BZ60,Ston2
Q8BZ98,Dnm3
Q8BZA9,Tigar
Q8BZB2,Ppcdc
Q8BZI6,Gucd1
Q8BZM1,Glmn
Q8BZQ7,Anapc2
Q8BZR9,Ncbp3
Q8BZS9,Dhx32
Q8BZW8,Nhlrc2
Q8BZX4,Srek1
Q8BZZ3,Wwp1
Q8C025,Chpt1
Q8C052,Map1s
Q8C079,Strip1
Q8C0C0,Zhx2
Q8C0C7,Farsa
Q8C0D4,Arhgap12
Q8C0D5,Efl1
Q8C0E2,Vps26b
Q8C0I1,Agps
Q8C0J2,Atg16l1
Q8C0J6,Sowahc
Q8C0K5,Slc25a16
Q8C0L0,Tmx4
Q8C0L8,Cog5
Q8C0L9,Gpcpd1
Q8C0M0,Wdr59
Q8C0M9,Asrgl1
Q8C0N2,Gpat3
Q8C0Q2,Zhx3
Q8C0S1,Dis3l
Q8C0V0,Tlk1
Q8C0Z1,Fam234a
Q8C129,Lnpep
Q8C138,Adtrp
Q8C142,Ldlrap1
Q8C163,Exog
Q8C165,Pm20d1
Q8C166,Cpne1
Q8C167,Prepl
Q8C172,Cers6
Q8C180,Frs2
Q8C181,Mbnl2
Q8C196,Cps1
Q8C1A5,Thop1
Q8C1A9,Abhd18
Q8C1B7,Septin11
Q8C1D8,Iws1
Q8C1E7,Tmem120a
Q8C1Q6,Uqcc5
Q8C1Y8,Ccz1
Q8C2E4,Ptcd1
Q8C2E7,Washc5
Q8C2P3,Dus1l
Q8C2Q3,Rbm14
Q8C3F2,Fam120c
Q8C3Q9,Casp9
Q8C3R1,Brat1
Q8C3X4,Guf1
Q8C3X8,Lmf2
Q8C407,Yipf4
Q8C460,Eri3
Q8C4B4,Unc119b
Q8C4J7,Tbl3
Q8C4X2,Csnk1g3
Q8C4Y3,Nelfb
Q8C522,Endod1
Q8C547,Heatr5b
Q8C561,Lmbrd2
Q8C570,Rae1
Q8C5H8,Nadk2
Q8C5L3,Cnot2
Q8C5L6,Inpp5k
Q8C5N3,Cwc22
Q8C5P5,Nt5dc1
Q8C5P7,Tdrp
Q8C5Q4,Grsf1
Q8C5R2,Proser2
Q8C5W0,Clmn
Q8C5W3,Tbcel
Q8C650,Septin10
Q8C6B9,Rps19bp1
Q8C6G8,Wdr26
Q8C6I2,Sdhaf2
Q8C729,Hycc2
Q8C754,Vps52
Q8C767,Ppp1r3b
Q8C7D2,Crbn
Q8C7E7,Stbd1
Q8C7E9,Cstf2t
Q8C7G5,Apoa5
Q8C7H1,Mmaa
Q8C7Q4,Rbm4
Q8C7R4,Uba6
Q8C7V3,Utp15
Q8C7V8,Ccdc134
Q8C7X2,Emc1
Q8C854,Myef2
Q8C863,Itch
Q8C878,Uba3
Q8C8U0,Ppfibp1
Q8C9B9,Dido1
Q8CAK1,Iba57
Q8CAK3,Shfl
Q8CAQ8,Immt
Q8CAS9,Parp9
Q8CAY6,Acat2
Q8CB77,Eloa
Q8CBC4,Cnst
Q8CBE3,Wdr37
Q8CBG9,Rnf170
Q8CBQ5,Pi4k2b
Q8CBR6,Tsku
Q8CBW3,Abi1
Q8CBY0,Gatc
Q8CBY3,Leng8
Q8CBY8,Dctn4
Q8CC21,Ttc19
Q8CC86,Naprt
Q8CC88,Vwa8
Q8CCB4,Vps53
Q8CCF0,Prpf31
Q8CCH2,Nhlrc3
Q8CCJ3,Ufl1
Q8CCN5,Bcas3
Q8CCP0,Nemf
Q8CCS6,Pabpn1
Q8CD10,Micu2
Q8CD15,Riox2
Q8CD26,Slc35e1
Q8CD92,Ttc27
Q8CDA1,Inpp5f
Q8CDG3,Vcpip1
Q8CDM8,Fhip2a
Q8CDN6,Txnl1
Q8CE08,Acp3
Q8CE64,Znf276
Q8CE96,Trmt6
Q8CEC0,Nup88
Q8CEC5,Nkiras1
Q8CEC6,Ppwd1
Q8CEE7,Rdh13
Q8CEI1,Bola3
Q8CES0,Naa30
Q8CFA2,Amt
Q8CFD4,Snx8
Q8CFE3,Rcor1
Q8CFE4,Scyl2
Q8CFI0,Nedd4l
Q8CFI5,Pars2
Q8CFI7,Polr2b
Q8CFJ7,Slc25a45
Q8CFJ9,Wdr24
Q8CFQ3,Aqr
Q8CFV4,Nrn1
Q8CFV9,Rfk
Q8CFX1,H6pd
Q8CG14,C1s1
Q8CG16,C1ra
Q8CG50,Rab43
Q8CG72,Adprs
Q8CG76,Akr7a2
Q8CG79,Tp53bp2
Q8CGA0,Ppm1f
Q8CGB6,Tns2
Q8CGC4,Lsm14b
Q8CGC6,Rbm28
Q8CGC7,Eprs1
Q8CGF1,Arhgap29
Q8CGF5,Tlcd4
Q8CGF7,Tcerg1
Q8CGK3,Lonp1
Q8CGR7,Upp2
Q8CGY8,Ogt
Q8CGZ0,Cherp
Q8CH02,Sugp1
Q8CH18,Ccar1
Q8CH25,Sltm
Q8CH40,Nudt6
Q8CH72,Trim32
Q8CHC4,Synj1
Q8CHG3,Gcc2
Q8CHG5,Arel1
Q8CHI8,Ep400
Q8CHK3,Mboat7
Q8CHP5,Pym1
Q8CHP8,Pgp
Q8CHQ0,Fbxo4
Q8CHQ9,Nat8f2
Q8CHR6,Dpyd
Q8CHS2,Dnajc22
Q8CHS8,Vps37a
Q8CHT0,Aldh4a1
Q8CHT1,Ngef
Q8CHT3,Ints5
Q8CHU3,Epn2
Q8CHW4,Eif2b5
Q8CHY3,Dym
Q8CHY6,Gatad2a
Q8CI04,Cog3
Q8CI08,Slain2
Q8CI11,Gnl3
Q8CI32,Bag5
Q8CI33,Cwf19l1
Q8CI51,Pdlim5
Q8CI59,Steap3
Q8CI71,Vps50
Q8CI75,Dis3l2
Q8CI78,Rmnd1
Q8CI94,Pygb
Q8CI95,Osbpl11
Q8CIB5,Fermt2
Q8CIB6,Tmem230
Q8CIC2,Nup42
Q8CID3,Fam20a
Q8CIE0,Serpina11
Q8CIE4,Parp10
Q8CIE6,Copa
Q8CIF4,Btd
Q8CIF6,Sidt2
Q8CIG3,Kdm1b
Q8CIG8,Prmt5
Q8CII2,Cdc123
Q8CIM3,D2hgdh
Q8CIM7,Cyp2d26
Q8CIM8,Ints4
Q8CIN4,Pak2
Q8CIV2,Tmem259
Q8CIV8,Tbce
Q8CIW5,Twnk
Q8CJ19,Mical3
Q8CJ53,Trip10
Q8CJ61,Cmtm4
Q8CJF7,Ahctf1
Q8CJF9,Ago3
Q8CJG0,Ago2
Q8CJG1,Ago1
Q8CJH3,Plxnb1
Q8JZK9,Hmgcs1
Q8JZL3,Thtpa
Q8JZM0,Tfb1m
Q8JZM7,Cdc73
Q8JZN5,Acad9
Q8JZN7,Rhot2
Q8JZQ2,Afg3l2
Q8JZQ9,Eif3b
Q8JZR0,Acsl5
Q8JZS0,Lin7a
Q8JZS9,Mrpl48
Q8JZU0,Nudt13
Q8JZU2,Slc25a1
Q8JZV7,Amdhd2
Q8JZV9,Bdh2
Q8JZX4,Rbm17
Q8JZY4,Prorp
Q8JZZ0,Ugt3a2
Q8JZZ6,Ammecr1l
Q8JZZ7,Adgrl2
Q8K003,Tma7
Q8K010,Oplah
Q8K013,Gtpbp10
Q8K019,Bclaf1
Q8K021,Scamp1
Q8K023,Akr1c18
Q8K0C4,Cyp51a1
Q8K0C9,Gmds
Q8K0D2,Habp2
Q8K0D5,Gfm1
Q8K0E8,Fgb
Q8K0G5,Eipr1
Q8K0G8,Esrp2
Q8K0H1,Slc47a1
Q8K0H5,Taf10
Q8K0L2,Entpd8
Q8K0L3,Acsm2
Q8K0L9,Zbtb20
Q8K0P3,Meak7
Q8K0R6,Gltpd2
Q8K0V4,Cnot3
Q8K0Z7,Taco1
Q8K114,Ints9
Q8K126,Mtrf1
Q8K157,Galm
Q8K182,C8a
Q8K183,Pdxk
Q8K190,Saysd1
Q8K194,Snrnp27
Q8K199,Cmc2
Q8K1A0,Mettl5
Q8K1A5,Tmem41b
Q8K1C0,Angel2
Q8K1C9,Lrrc41
Q8K1E0,Stx5
Q8K1E6,Alkbh3
Q8K1H1,Tdrd7
Q8K1J6,Trnt1
Q8K1L5,Ppp1r11
Q8K1M6,Dnm1l
Q8K1N1,Pnpla8
Q8K1N2,Phldb2
Q8K1R3,Pnpt1
Q8K1R7,Nek9
Q8K1X1,Wdr11
Q8K1Y2,Prkd3
Q8K1Z0,Coq9
Q8K201,Kct2
Q8K202,Polr1e
Q8K211,Slc31a1
Q8K215,Lyrm4
Q8K224,Nat10
Q8K245,Uvrag
Q8K268,Abcf3
Q8K273,Mmgt1
Q8K274,Fn3krp
Q8K284,Gtf3c1
Q8K296,Mtmr3
Q8K297,Colgalt1
Q8K2A7,Ints10
Q8K2A8,Alg3
Q8K2B3,Sdha
Q8K2C6,Sirt5
Q8K2C7,Os9
Q8K2C8,Gpat4
Q8K2C9,Hacd3
Q8K2D3,Edc3
Q8K2F0,Brd3
Q8K2F8,Lsm14a
Q8K2H1,Pphln1
Q8K2H2,Otud6b
Q8K2I1,Fntb
Q8K2I3,Fmo2
Q8K2I4,Manba
Q8K2K6,Agfg1
Q8K2L8,Trappc12
Q8K2M0,Mrpl38
Q8K2Q0,Commd9
Q8K2Q7,Brox
Q8K2Q9,Shtn1
Q8K2T1,Nmral1
Q8K2T4,Uqcc3
Q8K2T8,Paf1
Q8K2V1,Ppp4r1
Q8K2V6,Ipo11
Q8K2W3,Txndc11
Q8K2Y7,Mrpl47
Q8K2Y9,Ccm2
Q8K2Z2,Prpf39
Q8K301,Ddx52
Q8K304,Tmem129
Q8K310,Matr3
Q8K327,Champ1
Q8K337,Inpp5b
Q8K358,Pigu
Q8K363,Ddx18
Q8K370,Acad10
Q8K382,Dennd1a
Q8K385,FRRS1
Q8K387,Usp45
Q8K394,Plcl2
Q8K3A9,Mepce
Q8K3G5,Vrk3
Q8K3G9,Appl2
Q8K3H0,Appl1
Q8K3J1,Ndufs8
Q8K3J9,Gprc5c
Q8K3K7,Agpat2
Q8K3K8,Optn
Q8K3P5,Cnot6
Q8K3W0,Babam2
Q8K3W3,Casc3
Q8K3X4,Irf2bpl
Q8K3Z9,Pom121
Q8K400,Stxbp5
Q8K411,Pitrm1
Q8K440,Abca8b
Q8K441,Abca6
Q8K4B0,Mta1
Q8K4D3,Slc36a1
Q8K4F5,Abhd11
Q8K4F6,Nsun5
Q8K4G5,Ablim1
Q8K4H1,Afmid
Q8K4K6,Pank1
Q8K4L0,Ddx54
Q8K4L3,Svil
Q8K4M5,Commd1
Q8K4P0,Wdr33
Q8K4Q0,Rptor
Q8K4R4,Pitpnc1
Q8K4T3,Stradb
Q8K4Z3,Naxe
Q8K4Z5,Sf3a1
Q8N7N5,Dcaf8
Q8N9S3,Ahsa2
Q8QZR1,Tat
Q8QZR3,Ces2a
Q8QZR5,Gpt
Q8QZS1,Hibch
Q8QZT1,Acat1
Q8QZV7,IntS13
Q8QZY1,Eif3l
Q8QZY2,Glyctk
Q8QZY6,Tspan14
Q8QZY9,Sf3b4
Q8QZZ7,Tprkb
Q8R001,Mapre2
Q8R010,Aimp2
Q8R015,Bloc1s5
Q8R016,Blmh
Q8R035,Mrpl58
Q8R050,Gspt1
Q8R059,Gale
Q8R079,Bfar
Q8R081,Hnrnpl
Q8R086,Suox
Q8R0A0,Gtf2f2
Q8R0F3,Sumf1
Q8R0F6,Ilkap
Q8R0F8,Fahd1
Q8R0F9,Sec14l4
Q8R0G7,Spns1
Q8R0G9,Nup133
Q8R0H9,Gga1
Q8R0J4,Tmem134
Q8R0J7,Vps37b
Q8R0J8,Idnk
Q8R0N6,Adhfe1
Q8R0S1,Atf7
Q8R0S2,Iqsec1
Q8R0V5,Ido2
Q8R0W0,Eppk1
Q8R0X2,Cacul1
Q8R0X7,Sgpl1
Q8R0Y6,Aldh1l1
Q8R0Y8,Slc25a42
Q8R0Z5,Slc25a28
Q8R104,Sirt3
Q8R105,Vps37c
Q8R115,Tmem82
Q8R121,Serpina10
Q8R123,Flad1
Q8R127,Sccpdh
Q8R143,Pttg1ip
Q8R146,Apeh
Q8R151,Znfx1
Q8R164,Bphl
Q8R180,Ero1a
Q8R183,Timd2
Q8R1A4,Dock7
Q8R1B4,Eif3c
Q8R1F9,Rpp40
Q8R1G2,Cmbl
Q8R1I1,Uqcr10
Q8R1J1,Tm6sf2
Q8R1J9,Tor2a
Q8R1K1,Ubac2
Q8R1K4,Phykpl
Q8R1M2,H2aj
Q8R1N0,Znf830
Q8R1Q8,Dync1li1
Q8R1Q9,Rbks
Q8R1R3,Stard7
Q8R1S0,Coq6
Q8R1S4,Mtss1
Q8R1S9,Slc38a4
Q8R1T1,Chmp7
Q8R1T4,Slc35a3
Q8R1U1,Cog4
Q8R1V4,Tmed4
Q8R1X6,Spart
Q8R1Z9,Rnf121
Q8R216,Sirt4
Q8R238,Sdsl
Q8R242,Ctbs
Q8R2E9,Ero1b
Q8R2K1,Fuom
Q8R2L5,Mrps18c
Q8R2M2,Dnttip2
Q8R2N2,Utp4
Q8R2P1,Klhl25
Q8R2Q4,Gfm2
Q8R2Q8,Bst2
Q8R2R1,Pomt1
Q8R2R6,Mtg1
Q8R2S9,Actr8
Q8R2T8,Gtf3c5
Q8R2U0,Seh1l
Q8R2U4,Ntmt1
Q8R2U6,Nudt4
Q8R2V5,Adap2
Q8R2W9,Pank3
Q8R2Y0,Abhd6
Q8R2Y3,Dolk
Q8R2Y8,Ptrh2
Q8R2Y9,Nabp2
Q8R307,Vps18
Q8R310,Tmcc3
Q8R313,Exoc6
Q8R316,Hbp1
Q8R317,Ubqln1
Q8R322,Gle1
Q8R323,Rfc3
Q8R326,Pspc1
Q8R332,Nup58
Q8R344,Ccdc12
Q8R349,Cdc16
Q8R395,Commd5
Q8R3C0,Mcmbp
Q8R3C6,Rbm19
Q8R3D1,Tbc1d13
Q8R3F5,Mcat
Q8R3F9,Tut1
Q8R3G1,Ppp1r8
Q8R3H7,Hs2st1
Q8R3H9,Ttc4
Q8R3I3,Cog6
Q8R3K3,Ptcd2
Q8R3L2,Tcf25
Q8R3N1,Nop14
Q8R3N6,Thoc1
Q8R3P0,Aspa
Q8R3P6,Ints14
Q8R3Q0,Saraf
Q8R3Q2,Ppp6r2
Q8R3Q6,Mix23
Q8R3R8,Gabarapl1
Q8R3S6,Exoc1
Q8R3V5,Sh3glb2
Q8R404,Micos13
Q8R409,Hexim1
Q8R418,Dicer1
Q8R420,Abca3
Q8R480,Nup85
Q8R4D1,Slc9a8
Q8R4G6,Mgat5
Q8R4H2,Arhgef12
Q8R4H7,Nags
Q8R4K2,Irak4
Q8R4N0,Clybl
Q8R4R6,Nup35
Q8R4U6,Top1mt
Q8R4U7,Luzp1
Q8R4X3,Rbm12
Q8R519,Acmsd
Q8R570,Snap47
Q8R574,Prpsap2
Q8R5C5,Actr1b
Q8R5F3,Oard1
Q8R5F7,Ifih1
Q8R5H1,Usp15
Q8R5J9,Arl6ip5
Q8R5K2,Usp33
Q8R5K4,Nol6
Q8R5L3,Vps39
Q8R5M8,Cadm1
Q8VBT0,Tmx1
Q8VBT2,Sds
Q8VBT9,Aspscr1
Q8VBV3,Exosc2
Q8VBV7,Cops8
Q8VBW6,Nae1
Q8VBW8,Ttc36
Q8VBX0,Asb13
Q8VBX6,Mpdz
Q8VBZ0,Dhrsx
Q8VBZ3,Clptm1
Q8VC03,Eml3
Q8VC12,Uroc1
Q8VC19,Alas1
Q8VC26,Tlcd2
Q8VC28,Akr1c13
Q8VC30,Tkfc
Q8VC31,Ccdc9
Q8VC42,Rmc1
Q8VC48,Pex12
Q8VC52,Rbpms2
Q8VC60,Glb1l
Q8VC74,Cox18
Q8VC88,Gca
Q8VC97,Upb1
Q8VCA8,Scrn2
Q8VCB1,Ndc1
Q8VCB2,Med25
Q8VCB3,Gys2
Q8VCC1,Hpgd
Q8VCC2,Ces1
Q8VCE1,Dnajc28
Q8VCE2,Gpn1
Q8VCF0,Mavs
Q8VCF1,Cant1
Q8VCG3,Wdr74
Q8VCG4,C8g
Q8VCH0,Acaa1b
Q8VCH6,Dhcr24
Q8VCH7,Rdh10
Q8VCH8,Ubxn4
Q8VCI0,Plbd1
Q8VCI5,Pex19
Q8VCL2,Sco2
Q8VCM3,Zfyve21
Q8VCM4,Lipt1
Q8VCM5,Mul1
Q8VCM7,Fgg
Q8VCM8,Ncln
Q8VCN5,Cth
Q8VCN9,Tbcc
Q8VCR2,Hsd17b13
Q8VCR3,Tmem242
Q8VCR7,Abhd14b
Q8VCS0,Pglyrp2
Q8VCS3,Fam20b
Q8VCT3,Rnpep
Q8VCT4,Ces1d
Q8VCT9,Tesk2
Q8VCU1,Ces3b
Q8VCV1,Abhd17c
Q8VCV9,Mfsd4b1
Q8VCW4,Unc93b1
Q8VCW8,Acsf2
Q8VCX1,Akr1d1
Q8VCX5,Micu1
Q8VCX6,Kptn
Q8VCY6,Utp6
Q8VCZ9,Prodh2
Q8VD00,Tmem97
Q8VD04,Gripap1
Q8VD26,Tmem143
Q8VD31,Tapbpl
Q8VD57,Sft2d2
Q8VD62,Bles03
Q8VD65,Pik3r4
Q8VD66,Abhd4
Q8VD76,Gtf2h3
Q8VDB2,Alg12
Q8VDC0,Lars2
Q8VDC1,Fyco1
Q8VDD5,Myh9
Q8VDD8,Washc1
Q8VDG3,Parn
Q8VDG5,Ppcs
Q8VDG7,Pafah2
Q8VDH1,Fbxo21
Q8VDI7,Ubac1
Q8VDI9,Alg9
Q8VDJ3,Hdlbp
Q8VDK1,Nit1
Q8VDL4,Adpgk
Q8VDM1,Zgpat
Q8VDM4,Psmd2
Q8VDM6,Hnrnpul1
Q8VDN2,Atp1a1
Q8VDP2,Steep1
Q8VDP4,Ccar2
Q8VDP6,Cdipt
Q8VDQ1,Ptgr2
Q8VDQ8,Sirt2
Q8VDQ9,Kri1
Q8VDS8,Stx18
Q8VDT9,Mrpl50
Q8VDW0,Ddx39a
Q8VDY9,Caap1
Q8VDZ4,Zdhhc5
Q8VE04,Mob3b
Q8VE09,Ttc39c
Q8VE10,Naa40
Q8VE11,Mtmr6
Q8VE18,Smg8
Q8VE19,Mios
Q8VE22,Mrps23
Q8VE37,Rcc1
Q8VE38,Oxnad1
Q8VE47,Uba5
Q8VE62,Paip1
Q8VE70,Pdcd10
Q8VE80,Thoc3
Q8VE88,Fam114a2
Q8VE96,Slc35f6
Q8VE97,Srsf4
Q8VE99,Ccdc115
Q8VEA4,Chchd4
Q8VEB4,Pla2g15
Q8VED2,Bloc1s4
Q8VED9,Lgalsl
Q8VEE0,Rpe
Q8VEE4,Rpa1
Q8VEG4,Exd2
Q8VEG6,Cnot6l
Q8VEH3,Arl8a
Q8VEH5,Epm2aip1
Q8VEH6,Zng1
Q8VEH8,Erlec1
Q8VEJ9,Vps4a
Q8VEK0,Tmem30a
Q8VEK3,Hnrnpu
Q8VEL2,Mtmr14
Q8VEM8,Slc25a3
Q8VH51,Rbm39
Q8VHE0,Sec63
Q8VHF2,Cdhr5
Q8VHG0,Fmo4
Q8VHH5,Agap3
Q8VHI6,Wasf3
Q8VHK9,Dhx36
Q8VHL5,Crygn
Q8VHQ9,Acot11
Q8VHR5,Gatad2b
Q8VI36,Pxn
Q8VI47,Abcc2
Q8VI63,Mob2
Q8VI75,Ipo4
Q8VI84,Noc3l
Q8VI94,Oasl1
Q8VIB3,St3gal6
Q8VIJ6,Sfpq
Q8VIK2,Mpv17l2
Q8VIM9,Irgq
Q8WTY4,Ciapin1
Q91V01,Lpcat3
Q91V04,Tram1
Q91V08,Clec2d
Q91V09,Wdr13
Q91V12,Acot7
Q91V16,Etfrf1
Q91V41,Rab14
Q91V61,Sfxn3
Q91V64,Isoc1
Q91V80,Apof
Q91V81,Rbm42
Q91V92,Acly
Q91VA0,Acsm1
Q91VA6,Poldip2
Q91VC3,Eif4a3
Q91VC9,Ghitm
Q91VD9,Ndufs1
Q91VE0,Slc27a4
Q91VE6,Nifk
Q91VF2,Hnmt
Q91VH2,Snx9
Q91VH6,Memo1
Q91VI7,Rnh1
Q91VJ4,Stk38
Q91VJ5,Pqbp1
Q91VK1,Bzw2
Q91VL8,Terf2ip
Q91VM3,Wdr45
Q91VM5,Rbmxl1
Q91VM9,Ppa2
Q91VN1,Znf24
Q91VN4,Chchd6
Q91VN6,Ddx41
Q91VR2,Atp5f1c
Q91VR5,Ddx1
Q91VR7,Map1lc3a
Q91VS7,Mgst1
Q91VS8,Farp2
Q91VT4,Cbr4
Q91VU0,Fam3c
Q91VU6,Dcaf11
Q91VU7,Pus7
Q91VV4,Dennd2d
Q91VW5,Golga4
Q91VX2,Ubap2
Q91VX9,Tmem168
Q91VY9,Znf622
Q91VZ6,Smap1
Q91W18,Tdrd3
Q91W34,Rusf1
Q91W36,Usp3
Q91W39,Ncoa5
Q91W43,Gldc
Q91W50,Csde1
Q91W52,Tmem19
Q91W53,Golga7
Q91W59,Rbms1
Q91W63,Nmrk1
Q91W64,Cyp2c70
Q91W67,Ubl7
Q91W86,Vps11
Q91W89,Man2c1
Q91W90,Txndc5
Q91W92,Cdc42ep1
Q91WA3,Hdac11
Q91WB4,Plekhf2
Q91WC0,Setd3
Q91WC3,Acsl6
Q91WC9,Daglb
Q91WD5,Ndufs2
Q91WE2,Psme3ip1
Q91WE6,Cdkal1
Q91WF7,Fig4
Q91WG0,Ces2c
Q91WG1,Insig2
Q91WG4,Elp2
Q91WG5,Prkag2
Q91WG8,Gne
Q91WI7,Itfg2
Q91WJ8,Fubp1
Q91WK0,Lrrfip2
Q91WK1,Spryd4
Q91WK2,Eif3h
Q91WK5,Gcsh
Q91WL5,Cyp4a12a
Q91WL8,Wwox
Q91WM1,Strbp
Q91WM2,Hdhd5
Q91WM3,Rrp9
Q91WM6,Eva1a
Q91WN2,Tmem150a
Q91WN4,Kmo
Q91WP0,Masp2
Q91WP6,Serpina3n
Q91WQ3,Yars1
Q91WR3,Ascc2
Q91WS0,Cisd1
Q91WS4,Bhmt2
Q91WS7,Depdc7
Q91WT8,Rbm47
Q91WT9,Cbs
Q91WU0,Ces1f
Q91WU2,Slc22a7
Q91WU5,As3mt
Q91WW3,Mrgpra3
Q91WZ8,Dtnbp1
Q91X20,Ash2l
Q91X21,Kiaa2013
Q91X34,Baat
Q91X43,Sh3d19
Q91X44,Gckr
Q91X51,Gorasp1
Q91X52,Dcxr
Q91X58,Zfand2b
Q91X72,Hpx
Q91X77,Cyp2c50
Q91X78,Erlin1
Q91X83,Mat1a
Q91X91,Qprt
Q91X97,Ncald
Q91XA2,Golm1
Q91XA9,Chia
Q91XB0,Trex1
Q91XB7,Yif1a
Q91XC8,Dap
Q91XC9,Pex16
Q91XD2,Lims2
Q91XD4,Ftcd
Q91XD6,Vps36
Q91XD7,Creld1
Q91XD8,Slc25a38
Q91XE0,Glyat
Q91XE4,Acy3
Q91XE8,Tmem205
Q91XE9,Creb3l3
Q91XF0,Pnpo
Q91XI1,Dus3l
Q91XL9,Osbpl1a
Q91XT4,Sec16b
Q91XU0,Wrnip1
Q91XU3,Pip4k2c
Q91Y47,F11
Q91Y63,Slc13a3
Q91Y74,St3gal4
Q91Y86,Mapk8
Q91Y97,Aldob
Q91YD9,Wasl
Q91YE3,Egln1
Q91YE6,Ipo9
Q91YE7,Rbm5
Q91YH5,Atl3
Q91YI0,Asl
Q91YJ2,Snx4
Q91YJ3,Thyn1
Q91YJ5,Mtif2
Q91YK2,Rrp1b
Q91YL3,Uckl1
Q91YM2,Arhgap35
Q91YM4,Tbrg4
Q91YN5,Uap1
Q91YP0,L2hgdh
Q91YP2,Nln
Q91YP3,Dera
Q91YQ1,Rab29
Q91YQ5,Rpn1
Q91YR1,Twf1
Q91YR5,Mettl13
Q91YR7,Prpf6
Q91YR9,Ptgr1
Q91YT0,Ndufv1
Q91YT2,Rnf185
Q91YT7,Ythdf2
Q91YT8,Tmem63a
Q91YU8,Ppan
Q91YW3,Dnajc3
Q91YX5,Lpgat1
Q91YY4,Atpaf2
Q91Z31,Ptbp2
Q91Z38,Ttc1
Q91Z49,Fyttd1
Q91Z53,Grhpr
Q91Z67,Srgap2
Q91Z92,B3galt6
Q91Z96,Bmp2k
Q91ZA3,Pcca
Q91ZE0,Tmlhe
Q91ZH7,Abhd3
Q91ZJ5,Ugp2
Q91ZM2,Sh2b1
Q91ZN5,Slc35b2
Q91ZP3,Lpin1
Q91ZR1,Rab4b
Q91ZR2,Snx18
Q91ZS8,Adarb1
Q91ZT5,Fgd4
Q91ZU6,Dst
Q91ZV0,Mia2
Q91ZW2,Pofut1
Q91ZW3,Smarca5
Q91ZX7,Lrp1
Q920A5,Scpep1
Q920A7,Afg3l1
Q920B0,Frmd4b
Q920B9,Supt16h
Q920E5,Fdps
Q920G8,Slc25a37
Q920I9,Wdr7
Q920L1,Fads1
Q920L5,Elovl6
Q920N2,Hlcs
Q920Q4,Vps16
Q920Q6,Msi2
Q920Q8,Ivns1abp
Q920R0,Als2
Q921E6,Eed
Q921F2,Tardbp
Q921F4,Hnrnpll
Q921G6,Lrch4
Q921G7,Etfdh
Q921G8,Tubgcp2
Q921H8,Acaa1a
Q921H9,Coa7
Q921I1,Tf
Q921I2,Klhdc4
Q921I9,Exosc4
Q921J2,Rheb
Q921L3,Tmco1
Q921L5,Cog2
Q921L7,Hemk1
Q921M3,Sf3b3
Q921M4,Golga2
Q921N6,Ddx27
Q921N7,Tmem70
Q921S7,Mrpl37
Q921T2,Tor1aip1
Q921V5,Mgat2
Q921W4,Cryzl1
Q921X6,Polr3f
Q921X9,Pdia5
Q921Y2,Imp3
Q922B1,Macrod1
Q922B2,Dars1
Q922B9,Itprid2
Q922D4,Ppp6r3
Q922D8,Mthfd1
Q922E4,Pcyt2
Q922E6,Fastkd2
Q922F4,Tubb6
Q922H4,Gmppa
Q922H9,Znf330
Q922J3,Clip1
Q922K7,Nop2
Q922L6,Nelfcd
Q922M3,Kctd10
Q922P9,Glyr1
Q922Q1,Mtarc2
Q922Q5,Slc35b3
Q922Q8,Lrrc59
Q922Q9,Chid1
Q922R1,Phaf1
Q922R8,Pdia6
Q922U1,Prpf3
Q922U2,Krt5
Q922V4,Plrg1
Q922X9,Prmt7
Q922Y1,Ubxn1
Q922Z0,Ddo
Q923B0,Ggact
Q923B1,Dbr1
Q923B6,Steap4
Q923D2,Blvrb
Q923D4,Sf3b5
Q923D5,Wbp11
Q923G2,Polr2h
Q923K4,Gtpbp3
Q923Q2,Stard13
Q923S9,Rab30
Q923T9,Camk2g
Q923U0,Tom1l1
Q923X4,Glrx2
Q923Z3,Mto1
Q924C1,Xpo5
Q924D0,Rtn4ip1
Q924H2,Med15
Q924H9,Dqx1
Q924K8,Mta3
Q924L1,Letmd1
Q924M7,Mpi
Q924T2,Mrps2
Q924T7,Rnf31
Q924X2,Cpt1b
Q924Y0,Bbox1
Q924Z4,Cers2
Q924Z5,Tram2
Q925B0,Pawr
Q925E7,Ppp2r2d
Q925I1,Atad3a
Q925J9,Med1
Q925N0,Sfxn5
Q925N2,Sfxn2
Q925Q3,Slc8b1
Q925U4,Edem1
Q93092,Taldo1
Q99020,Hnrnpab
Q99J08,Sec14l2
Q99J09,Wdr77
Q99J10,Ctu1
Q99J21,Mcoln1
Q99J23,Ghdc
Q99J27,Slc33a1
Q99J36,Thumpd1
Q99J39,Mlycd
Q99J45,Nrbp1
Q99J47,Dhrs7b
Q99J56,Derl1
Q99J62,Rfc4
Q99J77,Nans
Q99J83,Atg5
Q99J87,Dhx58
Q99J93,Ifitm2
Q99J94,Slco1a6
Q99J95,Cdk9
Q99J99,Mpst
Q99JB2,Stoml2
Q99JB8,Pacsin3
Q99JF5,Mvd
Q99JF8,Psip1
Q99JH1,Rpp25l
Q99JH8,Kdelr1
Q99JI4,Psmd6
Q99JI6,Rap1b
Q99JN2,Klhl22
Q99JR1,Sfxn1
Q99JR5,Tinagl1
Q99JR6,Nmnat3
Q99JR8,Smarcd2
Q99JT1,Gatb
Q99JT6,Tlcd1
Q99JT9,Adi1
Q99JV5,Stard4
Q99JW1,Abhd17a
Q99JW2,Acy1
Q99JW4,Lims1
Q99JX3,Gorasp2
Q99JX4,Eif3m
Q99JX7,Nxf1
Q99JY0,Hadhb
Q99JY4,Trabd
Q99JY8,Plpp3
Q99JY9,Actr3
Q99JZ7,Errfi1
Q99K01,Pdxdc1
Q99K23,Ufsp2
Q99K28,Arfgap2
Q99K30,Eps8l2
Q99K48,Nono
Q99K51,Pls3
Q99K67,Aass
Q99K70,Rragc
Q99K74,Med24
Q99K95,Rtf2
Q99KB8,Hagh
Q99KC8,Vwa5a
Q99KD5,Unc45a
Q99KF1,Tmed9
Q99KG3,Rbm10
Q99KG5,Lsr
Q99KH8,Stk24
Q99KI0,Aco2
Q99KI3,Emc3
Q99KJ8,Dctn2
Q99KK1,Reep3
Q99KK2,Cmas
Q99KK7,Dpp3
Q99KK9,Hars2
Q99KN2,Ciao1
Q99KN9,Clint1
Q99KP3,Cryl1
Q99KP6,Prpf19
Q99KQ4,Nampt
Q99KR3,Lactb2
Q99KR7,Ppif
Q99KS6,Adprm
Q99KU0,Vmp1
Q99KV1,Dnajb11
Q99KW3,Triobp
Q99KW9,Itfg1
Q99KX1,Mlf2
Q99KY4,Gak
Q99L04,Dhrs1
Q99L13,Hibadh
Q99L20,Gstt3
Q99L27,Gmpr2
Q99L28,Rsl24d1
Q99L43,Cds2
Q99L45,Eif2s2
Q99L47,St13
Q99L48,Nmd3
Q99L88,Sntb1
Q99LB2,Dhrs4
Q99LB6,Mat2b
Q99LB7,Sardh
Q99LC2,Cstf1
Q99LC3,Ndufa10
Q99LC5,Etfa
Q99LC8,Eif2b1
Q99LC9,Pex6
Q99LD4,Gps1
Q99LD9,Eif2b2
Q99LE6,Abcf2
Q99LF4,Rtcb
Q99LG0,Usp16
Q99LG2,Tnpo2
Q99LH1,Gnl2
Q99LH2,Ptdss1
Q99LI2,Clcc1
Q99LI5,Znf281
Q99LI7,Cstf3
Q99LI8,Hgs
Q99LI9,Clp1
Q99LJ6,Gpx7
Q99LJ7,Rcbtb2
Q99LL5,Pwp1
Q99LM2,Cdk5rap3
Q99LP6,Grpel1
Q99LR1,Abhd12
Q99LS3,Psph
Q99LT0,Dpy30
Q99LU0,Chmp1b1
Q99LX0,Park7
Q99LX5,Mmtag2
Q99LY9,Ndufs5
Q99M01,Fars2
Q99M04,Lias
Q99M07,Coa5
Q99M15,Pstpip2
Q99M28,Rnps1
Q99M31,Hspa14
Q99M51,Nck1
Q99M71,Epdr1
Q99M87,Dnaja3
Q99MB2,Mtfr1
Q99MD6,Txnrd3
Q99MD9,Nasp
Q99ME2,Wdr6
Q99ME9,Gtpbp4
Q99MI1,Erc1
Q99MJ9,Ddx50
Q99MN1,Kars1
Q99MN9,Pccb
Q99MP8,Brap
Q99MR1,Gigyf1
Q99MR6,Srrt
Q99MR8,Mccc1
Q99MS3,Mpv17l
Q99MZ3,Mlxipl
Q99MZ7,Pecr
Q99N16,Cyp4f3
Q99N32,Klb
Q99N42,Tymp
Q99N57,Raf1
Q99N84,Mrps18b
Q99N85,Mrps18a
Q99N87,Mrps5
Q99N89,Mrpl43
Q99N91,Mrpl34
Q99N92,Mrpl27
Q99N93,Mrpl16
Q99N94,Mrpl9
Q99N95,Mrpl3
Q99N96,Mrpl1
Q99NB8,Ubqln4
Q99NB9,Sf3b1
Q99NF1,Bco2
Q99NH0,Ankrd17
Q99NH2,Pard3
Q99P27,Pla2g12b
Q99P30,Nudt7
Q99P31,Hspbp1
Q99P72,Rtn4
Q99P88,Nup155
Q99PE8,Abcg5
Q99PG0,Aadac
Q99PG2,Ogfr
Q99PI5,Lpin2
Q99PL5,Rrbp1
Q99PL6,Ubxn6
Q99PN3,Trim26
Q99PP7,Trim33
Q99PQ1,Trim12a
Q99PT1,Arhgdia
Q99PU8,Dhx30
Q99PV0,Prpf8
Q99PW4,Tp53rkb
Q9BCZ4,Selenos
Q9CPP0,Npm3
Q9CPP6,Ndufa5
Q9CPQ1,Cox6c
Q9CPQ3,Tomm22
Q9CPQ8,Atp5mg
Q9CPR4,Rpl17
Q9CPR5,Mrpl15
Q9CPS6,Hint3
Q9CPS7,Pno1
Q9CPT3,Nanp
Q9CPT4,Mydgf
Q9CPT5,Nop16
Q9CPU0,Glo1
Q9CPU2,Ndufb2
Q9CPU4,Mgst3
Q9CPV3,Mrpl42
Q9CPV4,Glod4
Q9CPV7,Zdhhc6
Q9CPW2,Fdx2
Q9CPW3,Mrpl54
Q9CPW4,Arpc5
Q9CPW5,Ssr2
Q9CPW9,Metap1d
Q9CPX6,Atg3
Q9CPX7,Mrps16
Q9CPX8,Uqcr11
Q9CPY0,Mrm2
Q9CPY1,Mrpl51
Q9CPY7,Lap3
Q9CPZ8,Cmc1
Q9CQ00,Dmac1
Q9CQ02,Commd4
Q9CQ04,Ogfod2
Q9CQ06,Mrpl24
Q9CQ10,Chmp3
Q9CQ18,Rnaseh2c
Q9CQ20,Mid1ip1
Q9CQ22,Lamtor1
Q9CQ26,Stambp
Q9CQ33,Lztr1
Q9CQ40,Mrpl49
Q9CQ48,Nudcd2
Q9CQ49,Ncbp2
Q9CQ54,Ndufc2
Q9CQ56,Use1
Q9CQ60,Pgls
Q9CQ62,Decr1
Q9CQ65,Mtap
Q9CQ69,Uqcrq
Q9CQ71,Rpa3
Q9CQ75,Ndufa2
Q9CQ79,Txndc9
Q9CQ80,Vps25
Q9CQ85,Timm22
Q9CQ88,Tspan31
Q9CQ89,Cuta
Q9CQ92,Fis1
Q9CQA3,Sdhb
Q9CQA6,Chchd1
Q9CQA9,Ntpcr
Q9CQB2,Mcrip2
Q9CQB5,Cisd2
Q9CQC6,Bzw1
Q9CQC7,Ndufb4
Q9CQC8,Spg21
Q9CQC9,Sar1b
Q9CQD1,Rab5a
Q9CQE1,Nipsnap3b
Q9CQE2,Tmem223
Q9CQE3,Mrps17
Q9CQE7,Ergic3
Q9CQE8,RTRAF
Q9CQF0,Mrpl11
Q9CQF3,Nudt21
Q9CQF4,Mtres1
Q9CQF6,Aasdhppt
Q9CQF8,Mrpl57
Q9CQF9,Pcyox1
Q9CQG1,Chac2
Q9CQG6,Tmem147
Q9CQH3,Ndufb5
Q9CQH7,Btf3l4
Q9CQH8,Rpp14
Q9CQI3,Gmfb
Q9CQI6,Cotl1
Q9CQI7,Snrpb2
Q9CQJ1,Higd2a
Q9CQJ4,Rnf2
Q9CQJ6,Denr
Q9CQJ8,Ndufb9
Q9CQK7,Rwdd1
Q9CQL4,Mrpl20
Q9CQL5,Mrpl18
Q9CQL6,Mrpl35
Q9CQM2,Kdelr2
Q9CQM5,Txndc17
Q9CQM9,Glrx3
Q9CQN1,Trap1
Q9CQN6,Tmem14c
Q9CQN7,Mrpl41
Q9CQP0,Mrpl33
Q9CQP2,Trappc2
Q9CQP3,Chchd5
Q9CQQ0,Smim8
Q9CQQ4,Gemin2
Q9CQQ7,Atp5pb
Q9CQR2,Rps21
Q9CQR4,Acot13
Q9CQR6,Ppp6c
Q9CQS2,Nop10
Q9CQS4,Slc25a46
Q9CQS5,Riok2
Q9CQS8,Sec61b
Q9CQT1,Mri1
Q9CQT2,Rbm7
Q9CQT9,Rab5if
Q9CQU0,Txndc12
Q9CQU3,Rer1
Q9CQU8,Immp1l
Q9CQV1,Pam16
Q9CQV4,Retreg3
Q9CQV5,Mrps24
Q9CQV6,Map1lc3b
Q9CQV7,Dnajc19
Q9CQV8,Ywhab
Q9CQW0,Emc6
Q9CQW1,Ykt6
Q9CQW2,Arl8b
Q9CQW3,Proz
Q9CQW9,Ifitm3
Q9CQX2,Cyb5b
Q9CQX8,Kgd4
Q9CQY1,Atg12
Q9CQY5,Magt1
Q9CQY6,Uqcc2
Q9CQZ5,Ndufa6
Q9CQZ6,Ndufb3
Q9CR00,Psmd9
Q9CR09,Ufc1
Q9CR11,Yeats4
Q9CR13,Fmc1
Q9CR16,Ppid
Q9CR20,Ier3ip1
Q9CR21,Ndufab1
Q9CR24,Nudt8
Q9CR25,Dph2
Q9CR26,Vta1
Q9CR29,Ccdc43
Q9CR41,Hypk
Q9CR47,Nsa2
Q9CR50,Rchy1
Q9CR51,Atp6v1g1
Q9CR56,Nkiras2
Q9CR57,Rpl14
Q9CR58,Slc25a30
Q9CR59,Gadd45gip1
Q9CR60,Golt1b
Q9CR61,Ndufb7
Q9CR62,Slc25a11
Q9CR63,Cox16
Q9CR64,Tmem167a
Q9CR67,Tmem33
Q9CR68,Uqcrfs1
Q9CR86,Carhsp1
Q9CR88,Mrps14
Q9CR89,Ergic2
Q9CR95,Necap1
Q9CR96,Tmem208
Q9CR98,Fam136a
Q9CRA4,Msmo1
Q9CRA5,Golph3
Q9CRA7,Dmac2l
Q9CRA8,Exosc5
Q9CRB2,Nhp2
Q9CRB3,Urah
Q9CRB8,Mtfp1
Q9CRB9,Chchd3
Q9CRC0,Vkorc1
Q9CRC8,Lrrc40
Q9CRD0,Ociad1
Q9CRD2,Emc2
Q9CRT8,Xpot
Q9CS00,Cactin
Q9CS42,Prps2
Q9CS74,Ecd
Q9CSH3,Dis3
Q9CSN1,Snw1
Q9CSU0,Rprd1b
Q9CT10,Ranbp3
Q9CU62,Smc1a
Q9CV28,Mindy3
Q9CVB6,Arpc2
Q9CVD2,Atxn3
Q9CW03,Smc3
Q9CW42,Mtarc1
Q9CW46,Raver1
Q9CWD8,Nubpl
Q9CWE0,Mtfr1l
Q9CWG8,Ndufaf7
Q9CWH5,Trmt11
Q9CWI3,Bccip
Q9CWJ9,Atic
Q9CWK3,Cd2bp2
Q9CWK8,Snx2
Q9CWL8,Ctnnbl1
Q9CWN7,Cnot11
Q9CWP6,Mospd2
Q9CWQ0,Dph5
Q9CWR1,Wdr73
Q9CWS0,Ddah1
Q9CWS1,Rnf135
Q9CWS4,Ints11
Q9CWT6,Ddx28
Q9CWU6,Uqcc1
Q9CWU9,Nup37
Q9CWV0,Malsu1
Q9CWW6,Pin4
Q9CWX2,Ndufaf1
Q9CWX4,Rpusd4
Q9CWX9,Ddx47
Q9CWY8,Rnaseh2a
Q9CWZ3,Rbm8a
Q9CWZ7,Napg
Q9CX00,Ist1
Q9CX30,Yif1b
Q9CX34,Sugt1
Q9CX56,Psmd8
Q9CX86,Hnrnpa0
Q9CX98,Cyp2u1
Q9CXA2,L3hypdh
Q9CXC3,Mgme1
Q9CXD6,Mcur1
Q9CXE7,Tmed5
Q9CXF0,Kynu
Q9CXF4,Tbc1d15
Q9CXG3,Ppil4
Q9CXI0,Coq5
Q9CXI5,Manf
Q9CXJ1,Ears2
Q9CXJ4,Abcb8
Q9CXK4,Slc50a1
Q9CXK8,Nip7
Q9CXK9,Rbm33
Q9CXL1,Tmem50a
Q9CXN7,Pbld2
Q9CXR1,Dhrs7
Q9CXS4,Cenpv
Q9CXT8,Pmpcb
Q9CXV1,Sdhd
Q9CXW2,Mrps22
Q9CXW3,Cacybp
Q9CXW4,Rpl11
Q9CXY1,Tmem175
Q9CXY6,Ilf2
Q9CXY9,Pigk
Q9CXZ1,Ndufs4
Q9CY16,Mrps28
Q9CY18,Snx7
Q9CY21,Bud23
Q9CY27,Tecr
Q9CY28,Gtpbp8
Q9CY45,Eef1akmt1
Q9CY50,Ssr1
Q9CY57,Chtop
Q9CY58,Serbp1
Q9CY62,Rnf181
Q9CY64,Blvra
Q9CY66,Gar1
Q9CY73,Mrpl44
Q9CY97,Ssu72
Q9CYA0,Creld2
Q9CYA6,Zcchc8
Q9CYF5,Rcc1l
Q9CYG7,Tomm34
Q9CYH2,Prxl2a
Q9CYH6,Rrs1
Q9CYI4,Luc7l
Q9CYK1,Wars2
Q9CYN2,Spcs2
Q9CYN9,Atp6ap2
Q9CYR0,Ssbp1
Q9CYR6,Pgm3
Q9CYV5,Tmem135
Q9CYW4,Hdhd3
Q9CYX7,Rrp15
Q9CYY7,Prelid3b
Q9CYZ2,Tpd52l2
Q9CYZ6,Rex1bd
Q9CZ04,Cops7a
Q9CZ13,Uqcrc1
Q9CZ28,Snf8
Q9CZ30,Ola1
Q9CZ42,Naxd
Q9CZ44,Nsfl1c
Q9CZ57,Nsun4
Q9CZ69,Cmtm6
Q9CZ83,Mrpl55
Q9CZ91,Srfbp1
Q9CZB0,Sdhc
Q9CZD3,Gars1
Q9CZD5,Mtif3
Q9CZE3,Rab32
Q9CZG9,Pdzd11
Q9CZH3,Psmg3
Q9CZL2,Fam241a
Q9CZL5,Pcbd2
Q9CZM2,Rpl15
Q9CZN7,Shmt2
Q9CZN8,Qrsl1
Q9CZP0,Ufsp1
Q9CZP5,Bcs1l
Q9CZR3,Tomm40l
Q9CZR4,Cmtm8
Q9CZR8,Tsfm
Q9CZS1,Aldh1b1
Q9CZT6,Cmss1
Q9CZU3,Mtrex
Q9CZU4,Eral1
Q9CZU6,Cs
Q9CZV8,Fbxl20
Q9CZW4,Acsl3
Q9CZW5,Tomm70
Q9CZX0,Elp3
Q9CZX7,Pip4p2
Q9CZX8,Rps19
Q9CZX9,Emc4
Q9CZY3,Ube2v1
Q9D009,Lipt2
Q9D020,Nt5c3a
Q9D023,Mpc2
Q9D024,Ccdc47
Q9D051,Pdhb
Q9D071,Mms19
Q9D074,Mgrn1
Q9D081,Alg14
Q9D0A3,Arpin
Q9D0B0,Srsf9
Q9D0B5,Tstd3
Q9D0B6,Pbdc1
Q9D0C4,Trmt5
Q9D0D3,Mtpap
Q9D0D5,Gtf2e1
Q9D0E1,Hnrnpm
Q9D0F3,Lman1
Q9D0F6,Rfc5
Q9D0F9,Pgm1
Q9D0G0,Mrps30
Q9D0I4,Stx17
Q9D0I8,Mrto4
Q9D0I9,Rars1
Q9D0J4,Arl2
Q9D0J8,Ptms
Q9D0K1,Pex13
Q9D0K2,Oxct1
Q9D0L4,Adck1
Q9D0L7,Armc10
Q9D0L8,Rnmt
Q9D0M0,Exosc7
Q9D0M1,Prpsap1
Q9D0M3,Cyc1
Q9D0M5,Dynll2
Q9D0P0,Ebpl
Q9D0Q7,Mrpl45
Q9D0R2,Tars1
Q9D0R4,Ddx56
Q9D0R8,Lsm12
Q9D0S9,Hint2
Q9D0T1,Snu13
Q9D0T2,Dusp12
Q9D0V7,Ebag9
Q9D0W5,Ppil1
Q9D0Y8,Mrpl52
Q9D0Z3,Tmem53
Q9D110,Mthfs
Q9D113,Dnlz
Q9D125,Mrps25
Q9D136,Ogfod3
Q9D142,Nudt14
Q9D154,Serpinb1a
Q9D162,Ccdc167
Q9D168,Ints12
Q9D172,Gatd3
Q9D187,Ciao2b
Q9D1A0,Prxl2c
Q9D1A2,Cndp2
Q9D1B9,Mrpl28
Q9D1C3,Pyurf
Q9D1C8,Vps28
Q9D1C9,Rrp7a
Q9D1D4,Tmed10
Q9D1E6,Tbcb
Q9D1E8,Agpat5
Q9D1F4,Akt1s1
Q9D1G1,Rab1b
Q9D1G2,Pmvk
Q9D1G5,Lrrc57
Q9D1H6,Ndufaf4
Q9D1H7,Get4
Q9D1H8,Mrpl53
Q9D1I5,Mcee
Q9D1I6,Mrpl14
Q9D1J3,Sarnp
Q9D1K2,Atp6v1f
Q9D1L0,Chchd2
Q9D1L9,Lamtor5
Q9D1M0,Sec13
Q9D1M4,Eef1e1
Q9D1M7,Fkbp11
Q9D1N9,Mrpl21
Q9D1P0,Mrpl13
Q9D1P2,Kat8
Q9D1P4,Chordc1
Q9D1Q4,Dpm3
Q9D1Q6,Erp44
Q9D1R1,Tmem126b
Q9D1R2,Kti12
Q9D1R9,Rpl34
Q9D1Z3,Atpsckmt
Q9D273,Mmab
Q9D281,Fam114a1
Q9D287,Bcas2
Q9D291,Desi2
Q9D2C2,Saal1
Q9D2C7,Tmbim6
Q9D2E2,Toe1
Q9D2G2,Dlst
Q9D2L1,Arsk
Q9D2M8,Ube2v2
Q9D2N9,Vps33a
Q9D2R0,Aacs
Q9D2R8,Mrps33
Q9D2V5,Aar2
Q9D2V7,Coro7
Q9D2Y4,Mlkl
Q9D338,Mrpl19
Q9D358,Acp1
Q9D379,Ephx1
Q9D394,Rufy3
Q9D3A8,Nos1ap
Q9D3B1,Hacd2
Q9D3D9,Atp5f1d
Q9D3E6,Stag1
Q9D3N8,Grtp1
Q9D3U0,Pus10
Q9D404,Oxsm
Q9D4F2,Plpp6
Q9D4H1,Exoc2
Q9D4H2,Gcc1
Q9D4H8,Cul2
Q9D4H9,Phf14
Q9D4J7,Phf6
Q9D4V7,Rabl3
Q9D517,Agpat3
Q9D554,Sf3a3
Q9D5J6,Shpk
Q9D5R2,Wdr20
Q9D5T0,Atad1
Q9D5V5,Cul5
Q9D5V6,Syap1
Q9D620,Rab11fip1
Q9D662,Sec23b
Q9D665,Sdr42e1
Q9D666,Sun1
Q9D6J5,Ndufb8
Q9D6J6,Ndufv2
Q9D6K5,Synj2bp
Q9D6K7,Ttc33
Q9D6K8,Fundc2
Q9D6L8,Ppil3
Q9D6M3,Slc25a22
Q9D6N5,Drap1
Q9D6R2,Idh3a
Q9D6S7,Mrrf
Q9D6T0,Nosip
Q9D6U8,Fam162a
Q9D6W8,Borcs6
Q9D6Y7,Msra
Q9D6Y9,Gbe1
Q9D6Z0,Alkbh7
Q9D6Z1,Nop56
Q9D706,Rpap3
Q9D710,Tmx2
Q9D711,Pir
Q9D735,Trir
Q9D753,Exosc8
Q9D773,Mrpl2
Q9D787,Ppil2
Q9D799,Mtfmt
Q9D7A6,Srp19
Q9D7A8,Armc1
Q9D7B6,Acad8
Q9D7E3,Ovca2
Q9D7G0,Prps1
Q9D7H3,RtcA
Q9D7I5,Lhpp
Q9D7J4,Cox20
Q9D7J9,Echdc3
Q9D7K5,Dmac2
Q9D7N3,Mrps9
Q9D7N6,Mrpl30
Q9D7N9,Apmap
Q9D7P6,Iscu
Q9D7S7,Rpl22l1
Q9D7S9,Chmp5
Q9D7V9,Naaa
Q9D7X3,Dusp3
Q9D7X8,Ggct
Q9D7Z3,Nol7
Q9D816,Cyp2c55
Q9D819,Ppa1
Q9D820,Prorsd1
Q9D823,Rpl37
Q9D824,Fip1l1
Q9D826,Pipox
Q9D832,Dnajb4
Q9D855,Uqcrb
Q9D868,Ppih
Q9D880,Timm50
Q9D883,U2af1
Q9D892,Itpa
Q9D898,Arpc5l
Q9D8B3,Chmp4b
Q9D8B4,Ndufa11
Q9D8B6,Fam210b
Q9D8C4,Ifi35
Q9D8E6,Rpl4
Q9D8H7,Oma1
Q9D8K3,Derl3
Q9D8K8,Slc25a39
Q9D8M4,Rpl7l1
Q9D8N0,Eef1g
Q9D8N2,Dennd10
Q9D8P4,Mrpl17
Q9D8S3,Arfgap3
Q9D8S4,Rexo2
Q9D8S9,Bola1
Q9D8T0,Fam3a
Q9D8T2,Gsdmd
Q9D8T7,Slirp
Q9D8U2,Tmem41a
Q9D8U8,Snx5
Q9D8V0,Hm13
Q9D8W5,Psmd12
Q9D8W7,Ociad2
Q9D8X1,Cutc
Q9D8X2,Ccdc124
Q9D8Y0,Efhd2
Q9D8Y1,Tmem126a
Q9D8Z1,Ascc1
Q9D902,Gtf2e2
Q9D903,Ebna1bp2
Q9D906,Atg7
Q9D920,Borcs5
Q9D924,Isca1
Q9D938,Tmem160
Q9D939,Sult1c2
Q9D945,Llph
Q9D958,Spcs1
Q9D967,Mdp1
Q9D975,Srxn1
Q9D9K3,Aven
Q9D9M5,Phospho2
Q9D9V3,Echdc1
Q9DA08,Sgf29
Q9DA19,Cir1
Q9DAA6,Exosc1
Q9DAC7,Ttc32
Q9DAK9,Phpt1
Q9DAM5,Slc25a19
Q9DAR7,Dcps
Q9DAS9,Gng12
Q9DAT5,Trmu
Q9DAU1,Cnpy3
Q9DAV9,Tmem38b
Q9DAW6,Prpf4
Q9DAW9,Cnn3
Q9DAZ9,Zfyve19
Q9DB05,Napa
Q9DB15,Mrpl12
Q9DB16,Cab39l
Q9DB20,Atp5po
Q9DB25,Alg5
Q9DB26,Phyhd1
Q9DB27,Mcts1
Q9DB28,Pop5
Q9DB29,Iah1
Q9DB30,Phkg2
Q9DB34,Chmp2a
Q9DB43,Zfpl1
Q9DB60,Prxl2b
Q9DB73,Cyb5r1
Q9DB76,Emc9
Q9DB77,Uqcrc2
Q9DB85,Rrp8
Q9DB90,Smg9
Q9DB96,Ngdn
Q9DBA6,Tysnd1
Q9DBA8,Amdhd1
Q9DBA9,Gtf2h1
Q9DBB4,Naa16
Q9DBB5,Eif4e3
Q9DBB8,Dhdh
Q9DBB9,Cpn2
Q9DBC0,Selenoo
Q9DBC3,Cmtr1
Q9DBC7,Prkar1a
Q9DBD0,Inhca
Q9DBD5,Pelp1
Q9DBE0,Csad
Q9DBE8,Alg2
Q9DBE9,Ftsj3
Q9DBF1,Aldh7a1
Q9DBG1,Cyp27a1
Q9DBG3,Ap2b1
Q9DBG5,Plin3
Q9DBG6,Rpn2
Q9DBG7,Srpra
Q9DBH0,Wwp2
Q9DBH5,Lman2
Q9DBI0,Tmprss6
Q9DBJ1,Pgam1
Q9DBJ3,Baiap2l1
Q9DBK0,Acot12
Q9DBL1,Acadsb
Q9DBL2,Gdap2
Q9DBL7,Coasy
Q9DBL9,Abhd5
Q9DBM0,Abcg8
Q9DBM1,Gpatch1
Q9DBM2,Ehhadh
Q9DBN1,Stra6l
Q9DBN5,Lonp2
Q9DBP5,Cmpk1
Q9DBQ7,Scyl3
Q9DBR0,Akap8
Q9DBR1,Xrn2
Q9DBR3,Armc8
Q9DBR7,Ppp1r12a
Q9DBS1,Tmem43
Q9DBS2,Tprg1l
Q9DBS5,Klc4
Q9DBT5,Ampd2
Q9DBT9,Dmgdh
Q9DBU0,Tm9sf1
Q9DBU3,Riok3
Q9DBW0,Cyp4v2
Q9DBX2,Pdcl
Q9DBY1,Syvn1
Q9DBY8,Nvl
Q9DBZ5,Eif3k
Q9DC16,Ergic1
Q9DC23,Dnajc10
Q9DC28,Csnk1d
Q9DC29,Abcb6
Q9DC37,Mfsd1
Q9DC48,Cdc40
Q9DC50,Crot
Q9DC51,Gnai3
Q9DC61,Pmpca
Q9DC63,Fbxo3
Q9DC69,Ndufa9
Q9DC70,Ndufs7
Q9DC71,Mrps15
Q9DCA2,Mrps11
Q9DCA5,Brix1
Q9DCB8,Isca2
Q9DCC4,Pycr3
Q9DCC7,Isoc2b
Q9DCC8,Tomm20
Q9DCD0,Pgd
Q9DCD2,Xab2
Q9DCD6,Gabarap
Q9DCE5,Pak1ip1
Q9DCF9,Ssr3
Q9DCG2,Cd302
Q9DCG6,Pbld1
Q9DCG9,Trmt112
Q9DCH2,Pop7
Q9DCH4,Eif3f
Q9DCH6,Zfand6
Q9DCI9,Mrpl32
Q9DCJ1,Mlst8
Q9DCJ5,Ndufa8
Q9DCJ7,Aurkaip1
Q9DCK3,Tspan4
Q9DCL2,Ciao2a
Q9DCL4,Mettl15
Q9DCL9,Paics
Q9DCM0,Ethe1
Q9DCM2,Gstk1
Q9DCN1,Nudt12
Q9DCN2,Cyb5r3
Q9DCP2,Slc38a3
Q9DCQ2,Aspdh
Q9DCQ3,Golt1a
Q9DCR2,Ap3s1
Q9DCS1,Tmem176a
Q9DCS2,Mettl26
Q9DCS3,Mecr
Q9DCS9,Ndufb10
Q9DCT1,Akr1e2
Q9DCT2,Ndufs3
Q9DCT5,Sdf2
Q9DCT8,Crip2
Q9DCU2,Pllp
Q9DCU6,Mrpl4
Q9DCU9,Hoga1
Q9DCV3,Dgat2
Q9DCV4,Rmdn1
Q9DCW2,Plscr2
Q9DCW4,Etfb
Q9DCX2,Atp5pd
Q9DCX8,Iyd
Q9DCY0,Keg1
Q9DCZ1,Gmpr
Q9DCZ4,Apoo
Q9DD02,Hikeshi
Q9DD03,Rab13
Q9DD06,Rarres2
Q9DD18,Dtd1
Q9DD20,Tmt1b
Q9EP53,Tsc1
Q9EP69,Sacm1l
Q9EP71,Rai14
Q9EP72,Emc7
Q9EP75,Cyp4f14
Q9EP89,Lactb
Q9EP96,Slco1a4
Q9EP97,Senp3
Q9EPA7,Nmnat1
Q9EPB5,Serhl
Q9EPC1,Parva
Q9EPE9,Atp13a1
Q9EPJ9,Arfgap1
Q9EPK2,Rp2
Q9EPK6,Sil1
Q9EPK7,Xpo7
Q9EPL0,Xylt2
Q9EPL8,Ipo7
Q9EPL9,Acox3
Q9EPQ7,Stard5
Q9EPR4,Slc23a2
Q9EPS3,Glce
Q9EPT5,Slco2a1
Q9EPU0,Upf1
Q9EPU4,Cpsf1
Q9EPV8,Ubl5
Q9EPW0,Inpp4a
Q9EQ06,Hsd17b11
Q9EQ20,Aldh6a1
Q9EQ21,Hamp
Q9EQ32,Pik3ap1
Q9EQ61,Pes1
Q9EQ80,Nif3l1
Q9EQC1,Hsd3b7
Q9EQC5,Scyl1
Q9EQF5,Dpys
Q9EQG9,Cert1
Q9EQH2,Erap1
Q9EQH3,Vps35
Q9EQI8,Mrpl46
Q9EQJ0,Tpcn1
Q9EQJ9,Magi3
Q9EQK5,Mvp
Q9EQK7,Icmt
Q9EQM6,Dgcr8
Q9EQN9,Slc19a2
Q9EQP2,Ehd4
Q9EQQ2,Yipf5
Q9EQQ9,Oga
Q9EQU5,Set
Q9EQW7,Kif13a
Q9EQZ6,Rapgef4
Q9ER00,Stx12
Q9ER35,Fn3k
Q9ER39,Tor1a
Q9ER41,Tor1b
Q9ER64,Osbpl5
Q9ER69,Wtap
Q9ER72,Cars1
Q9ER73,Elp4
Q9ER88,Dap3
Q9ERA0,Tfcp2
Q9ERA6,Tfip11
Q9ERB0,Snap29
Q9ERE7,Mesd
Q9ERF3,Skic8
Q9ERG0,Lima1
Q9ERG2,Strn3
Q9ERI5,Jmjd6
Q9ERI6,Rdh14
Q9ERK4,Cse1l
Q9ERN0,Scamp2
Q9ERR1,Ndel1
Q9ERR7,Selenof
Q9ERS2,Ndufa13
Q9ERU3,Znf22
Q9ERU9,Ranbp2
Q9ERV1,Mkrn2
Q9ERY9,Erg28
Q9ES00,Ube4b
Q9ES28,Arhgef7
Q9ES34,Ube3b
Q9ES56,Trappc4
Q9ES74,Nek7
Q9ES97,Rtn3
Q9ESB3,Hrg
Q9ESE1,Lrba
Q9ESJ0,Xpo4
Q9ESL4,Map3k20
Q9ESN6,Trim2
Q9ESP1,Sdf2l1
Q9EST3,Eif4enif1
Q9EST4,Psmg2
Q9EST5,Anp32b
Q9ESU6,Brd4
Q9ESV0,Ddx24
Q9ESW4,Agk
Q9ESW8,Pgpep1
Q9ESX5,Dkc1
Q9ESY9,Ifi30
Q9ESZ8,Gtf2i
Q9ET01,Pygl
Q9ET22,Dpp7
Q9ET26,Rnf114
Q9ET30,Tm9sf3
Q9ET54,Palld
Q9JHE3,Asah2
Q9JHE7,Tssc4
Q9JHH6,Cpb2
Q9JHH9,Copz2
Q9JHI2,Adat1
Q9JHI5,Ivd
Q9JHI7,Exosc9
Q9JHJ0,Tmod3
Q9JHJ3,Glmp
Q9JHK4,Rabggta
Q9JHL1,Nherf2
Q9JHP7,Poglut2
Q9JHR7,Ide
Q9JHS3,Lamtor2
Q9JHS4,Clpx
Q9JHS9,Cwc15
Q9JHT5,Ammecr1
Q9JHU2,Palmd
Q9JHU4,Dync1h1
Q9JHU9,Isyna1
Q9JHW2,Nit2
Q9JHW4,Eefsec
Q9JHZ2,Ankh
Q9JI08,Bin3
Q9JI10,Stk3
Q9JI11,Stk4
Q9JI13,Utp3
Q9JI39,Abcb10
Q9JI44,Dmap1
Q9JI75,Nqo2
Q9JI78,Ngly1
Q9JI90,Rnf14
Q9JI91,Actn2
Q9JI99,Sgpp1
Q9JIA7,Sphk2
Q9JIB4,Gtf2h2
Q9JIF0,Prmt1
Q9JIF3,Slc2a8
Q9JIF7,Copb1
Q9JIG7,Ccdc22
Q9JIH2,Nup50
Q9JII5,Dazap1
Q9JII6,Akr1a1
Q9JIK5,Ddx21
Q9JIK9,Mrps34
Q9JIL4,Pdzk1
Q9JIM1,Slc29a1
Q9JIQ3,Diablo
Q9JIW9,Ralb
Q9JIX0,Eny2
Q9JIX8,Acin1
Q9JIY5,Htra2
Q9JIY7,Nat8
Q9JIZ0,Cml1
Q9JIZ9,Plscr3
Q9JJ00,Plscr1
Q9JJ06,C1galt1
Q9JJ28,Flii
Q9JJ80,Rpf2
Q9JJ89,Ccdc86
Q9JJA2,Cog8
Q9JJA4,Wdr12
Q9JJC9,Herpud2
Q9JJD0,Thap11
Q9JJF3,Riox1
Q9JJF9,Sppl2a
Q9JJG9,Noa1
Q9JJH1,Rnase4
Q9JJI6,Pigo
Q9JJI8,Rpl38
Q9JJJ3,Aqp9
Q9JJK2,Lancl2
Q9JJK5,Herpud1
Q9JJL3,Slco1b2
Q9JJL8,Sars2
Q9JJT0,Rcl1
Q9JJT9,Phax
Q9JJU8,Sh3bgrl
Q9JJV2,Pfn2
Q9JJW0,Pxmp4
Q9JJX6,P2rx4
Q9JJX7,Tdp2
Q9JJY3,Smpd3
Q9JJY4,Ddx20
Q9JJZ2,Tuba8
Q9JJZ4,Ube2j1
Q9JJZ6,Klf13
Q9JK23,Psmg1
Q9JK38,Gnpnat1
Q9JK42,Pdk2
Q9JK48,Sh3glb1
Q9JK81,Myg1
Q9JK83,Pard6b
Q9JK92,Hspb8
Q9JKB1,Uchl3
Q9JKB3,Ybx3
Q9JKC8,Ap3m1
Q9JKF1,Iqgap1
Q9JKF7,Mrpl39
Q9JKJ9,Cyp39a1
Q9JKL4,Ndufaf3
Q9JKN1,Slc30a7
Q9JKP5,Mbnl1
Q9JKR6,Hyou1
Q9JKS5,Habp4
Q9JKV1,Adrm1
Q9JKV5,Scamp4
Q9JKW0,Arl6ip1
Q9JKX3,Tfr2
Q9JKX4,Aatf
Q9JKX6,Nudt5
Q9JKY0,Cnot9
Q9JKY5,Hip1r
Q9JL15,Lgals8
Q9JL19,Ncoa6
Q9JL35,Hmgn5
Q9JL56,Gde1
Q9JLB0,Pals2
Q9JLB2,Pals1
Q9JLB9,Nectin3
Q9JLC3,Msrb1
Q9JLF6,Tgm1
Q9JLI6,Scly
Q9JLI8,Sart3
Q9JLJ2,Aldh9a1
Q9JLJ4,Elovl2
Q9JLJ5,Elovl1
Q9JLM9,Grb14
Q9JLN9,Mtor
Q9JLQ0,Cd2ap
Q9JLQ2,Git2
Q9JLR9,Higd1a
Q9JLT2,Treh
Q9JLT4,Txnrd2
Q9JLV1,Bag3
Q9JLV2,Trpc4ap
Q9JLV5,Cul3
Q9JLV6,Pnkp
Q9JLZ3,Auh
Q9JLZ8,Sigirr
Q9JM13,Rabgef1
Q9JM14,Nt5c
Q9JM52,Mink1
Q9JM62,Reep6
Q9JM76,Arpc3
Q9JM93,Arl6ip4
Q9JM95,St6galnac6
Q9JM96,Cdc42ep4
Q9JMA1,Usp14
Q9JMA2,Qtrt1
Q9JMA7,Cyp3a41a
Q9JMA7,Cyp3a41b
Q9JMB0,Gkap1
Q9JMC3,Dnaja4
Q9JMC8,Epb41l4b
Q9JMD0,Znf207
Q9JMD3,Stard10
Q9JMF7,Dolpp1
Q9JMG1,Edf1
Q9JMG2,C1galt1c1
Q9JMH6,Txnrd1
Q9JMH9,Myo18a
Q9NYQ2,Hao2
Q9QUH0,Glrx
Q9QUI0,Rhoa
Q9QUJ7,Acsl4
Q9QUK3,Cln8
Q9QUM9,Psma6
Q9QUR6,Prep
Q9QUR7,Pin1
Q9QVP9,Ptk2b
Q9QWG7,Sult1b1
Q9QWL7,Krt17
Q9QWR8,Naga
Q9QWV9,Ccnt1
Q9QWW1,Homer2
Q9QWY8,Asap1
Q9QX11,Cyth1
Q9QX47,Son
Q9QX60,Dguok
Q9QXA1,Tmem276
Q9QXA1,Zftraf1
Q9QXA5,Lsm4
Q9QXB9,Drg2
Q9QXC1,Fetub
Q9QXD1,Acox2
Q9QXD6,Fbp1
Q9QXD8,Limd1
Q9QXE0,Hacl1
Q9QXE7,Tbl1x
Q9QXF8,Gnmt
Q9QXG2,Chm
Q9QXG4,Acss2
Q9QXK3,Copg2
Q9QXK7,Cpsf3
Q9QXL2,Kif21a
Q9QXL8,Nme7
Q9QXM0,Abhd2
Q9QXN3,Trip4
Q9QXS1,Plec
Q9QXS8,Nat8f5
Q9QXT0,Cnpy2
Q9QXX4,Slc25a13
Q9QXY1,Tjp3
Q9QXY6,Ehd3
Q9QXY9,Pex3
Q9QXZ0,Macf1
Q9QXZ6,Slco1a1
Q9QY06,Myo9b
Q9QY30,Abcb11
Q9QY36,Naa10
Q9QY73,Tmem59
Q9QY76,Vapb
Q9QY81,Nup210
Q9QYA2,Tomm40
Q9QYB1,Clic4
Q9QYB5,Add3
Q9QYC0,Add1
Q9QYC7,Ggcx
Q9QYE6,Golga5
Q9QYF1,Rdh11
Q9QYF9,Ndrg3
Q9QYG0,Ndrg2
Q9QYH6,Maged1
Q9QYI3,Dnajc7
Q9QYI4,Dnajb12
Q9QYI5,Dnajb2
Q9QYI6,Dnajb9
Q9QYJ0,Dnaja2
Q9QYJ3,Dnajb1
Q9QYK7,Rnf11
Q9QYR7,Acot3
Q9QYR9,Acot2
Q9QYS9,Qki
Q9QYY0,Gab1
Q9QYY8,Spast
Q9QYY9,Adh4
Q9QZ06,Tollip
Q9QZ08,Nagk
Q9QZ23,Nfu1
Q9QZ25,Vnn3
Q9QZ49,Ubxn8
Q9QZ73,Dcun1d1
Q9QZ85,Iigp1
Q9QZ88,Vps29
Q9QZA0,Ca5b
Q9QZB7,Actr10
Q9QZD8,Slc25a10
Q9QZD9,Eif3i
Q9QZE5,Copg1
Q9QZE7,Tsnax
Q9QZH3,Ppie
Q9QZH6,Ecsit
Q9QZI8,Serinc1
Q9QZK2,Bcar3
Q9QZM0,Ubqln2
Q9QZM2,Polg2
Q9QZN4,Fbxo6
Q9QZQ1,Afdn
Q9QZQ8,Macroh2a1
Q9QZR0,Rnf25
Q9QZS3,Numb
Q9QZS5,Sgk2
Q9QZW0,Atp11c
Q9QZX7,Srr
Q9R008,Mvk
Q9R013,Ctsf
Q9R020,Zranb2
Q9R049,Amfr
Q9R060,Nubp1
Q9R061,Nubp2
Q9R062,Gyg1
Q9R078,Prkab1
Q9R088,Tk2
Q9R092,Hsd17b6
Q9R098,Hgfac
Q9R099,Tbl2
Q9R0A0,Pex14
Q9R0A1,Clcn2
Q9R0E1,Plod3
Q9R0E2,Plod1
Q9R0H0,Acox1
Q9R0H5,Krt71
Q9R0I7,Ylpm1
Q9R0K7,Atp2b2
Q9R0L7,Akap8l
Q9R0M5,Tpk1
Q9R0M6,Rab9a
Q9R0N0,Galk1
Q9R0P3,Esd
Q9R0P4,Smap
Q9R0P5,Dstn
Q9R0P6,Sec11a
Q9R0Q3,Tmed2
Q9R0Q4,Morf4l2
Q9R0Q6,Arpc1a
Q9R0Q7,Ptges3
Q9R0Q9,Mpdu1
Q9R0T8,Ikbke
Q9R0U0,Srsf10
Q9R0X4,Acot9
Q9R111,Gda
Q9R112,Sqor
Q9R117,Tyk2
Q9R182,Angptl3
Q9R190,Mta2
Q9R194,Cry2
Q9R1C7,Prpf40a
Q9R1E0,Foxo1
Q9R1J0,Nsdhl
Q9R1K9,Cetn2
Q9R1P0,Psma4
Q9R1P1,Psmb3
Q9R1P3,Psmb2
Q9R1P4,Psma1
Q9R1Q6,Tmem176b
Q9R1Q9,Atp6ap1
Q9R1S7,Abcc6
Q9R1S8,Capn7
Q9R1T2,Sae1
Q9R1T4,Septin6
Q9R1Z7,Pts
Q9R1Z8,Sorbs3
Q9R207,Nbn
Q9R226,Khdrbs3
Q9R233,Tapbp
Q9R257,Hebp1
Q9R269,Ppl
Q9WTI7,Myo1c
Q9WTK3,Gpaa1
Q9WTK7,Stk11
Q9WTL7,Lypla2
Q9WTL8,Bmal1
Q9WTM5,Ruvbl2
Q9WTN3,Srebf1
Q9WTP6,Ak2
Q9WTP7,Ak3
Q9WTQ8,Timm23
Q9WTU6,Mapk9
Q9WTX2,Prkra
Q9WTX5,Skp1
Q9WTX6,Cul1
Q9WTX8,Mad1l1
Q9WTZ0,Uxt
Q9WTZ1,Rnf7
Q9WU19,Hao1
Q9WU40,Lemd3
Q9WU56,Pus1
Q9WU60,Atrn
Q9WU78,Pdcd6ip
Q9WU79,Prodh
Q9WU84,Ccs
Q9WUA2,Farsb
Q9WUA5,Epm2a
Q9WUB0,Rbck1
Q9WUD1,Stub1
Q9WUH7,Sema4g
Q9WUK2,Eif4h
Q9WUL7,Arl3
Q9WUM3,Coro1b
Q9WUM4,Coro1c
Q9WUM5,Suclg1
Q9WUN2,Tbk1
Q9WUP4,Srd5a3
Q9WUP7,Uchl5
Q9WUQ2,Preb
Q9WUR2,Eci2
Q9WUR9,Ak4
Q9WUU7,Ctsz
Q9WUU9,Mcm3ap
Q9WUZ9,Entpd5
Q9WV02,Rbmx
Q9WV27,Atp1a4
Q9WV32,Arpc1b
Q9WV54,Asah1
Q9WV55,Vapa
Q9WV60,Gsk3b
Q9WV68,Decr2
Q9WV70,Noc2l
Q9WV76,Ap4b1
Q9WV80,Snx1
Q9WV85,Nme3
Q9WV91,Ptgfrn
Q9WV96,Timm10b
Q9WV98,Timm9
Q9WVA2,Timm8a1
Q9WVA3,Bub3
Q9WVA4,Tagln2
Q9WVB0,Rbpms
Q9WVD5,Slc25a15
Q9WVE8,Pacsin2
Q9WVG6,Carm1
Q9WVH4,Foxo3
Q9WVJ2,Psmd13
Q9WVJ3,Cpq
Q9WVK4,Ehd1
Q9WVL0,Gstz1
Q9WVL2,Stat2
Q9WVL3,Slc12a7
Q9WVM3,Anapc7
Q9WVM8,Aadat
Q9WVQ5,Apip
Q9WVR4,Fxr2
Q9WVT6,Ca14
Q9Z0E0,Ncdn
Q9Z0E6,Gbp2
Q9Z0E8,Slc22a5
Q9Z0F4,Cib1
Q9Z0G9,Cldn3
Q9Z0H1,Wdr46
Q9Z0H3,Smarcb1
Q9Z0H4,Celf2
Q9Z0J0,Npc2
Q9Z0K8,Vnn1
Q9Z0L8,Ggh
Q9Z0M5,Lipa
Q9Z0N1,Eif2s3x
Q9Z0N2,Eif2s3y
Q9Z0R4,Itsn1
Q9Z0R6,Itsn2
Q9Z0R9,Fads2
Q9Z0S1,Bpnt1
Q9Z0S3,Cldn14
Q9Z0U1,Tjp2
Q9Z0V7,Timm17b
Q9Z0V8,Timm17a
Q9Z0W3,Nup160
Q9Z0X1,Aifm1
Q9Z103,Adnp
Q9Z108,Stau1
Q9Z130,Hnrnpdl
Q9Z160,Cog1
Q9Z172,Sumo3
Q9Z1B3,Plcb1
Q9Z1D1,Eif3g
Q9Z1E4,Gys1
Q9Z1F9,Uba2
Q9Z1G3,Atp6v1c1
Q9Z1G4,Atp6v0a1
Q9Z1J3,Nfs1
Q9Z1K5,Arih1
Q9Z1K6,Arih2
Q9Z1M4,Rps6kb2
Q9Z1M8,Ik
Q9Z1N5,Ddx39b
Q9Z1P6,Ndufa7
Q9Z1Q2,Abhd16a
Q9Z1Q5,Clic1
Q9Z1Q9,Vars1
Q9Z1R2,Bag6
Q9Z1R3,Apom
Q9Z1T1,Ap3b1
Q9Z1T6,Pikfyve
Q9Z1X4,Ilf3
Q9Z1Z0,Uso1
Q9Z1Z2,Strap
Q9Z204,Hnrnpc
Q9Z210,Pex11b
Q9Z211,Pex11a
Q9Z222,B3GNT2
Q9Z223,Mocs2
Q9Z224,Mocs2
Q9Z239,Fxyd1
Q9Z247,Fkbp9
Q9Z266,Snapin
Q9Z277,Baz1b
Q9Z280,Pld1
Q9Z2A0,Pdpk1
Q9Z2A5,Ate1
Q9Z2A7,Dgat1
Q9Z2C4,Mtmr1
Q9Z2C5,Mtm1
Q9Z2D6,Mecp2
Q9Z2D8,Mbd3
Q9Z2E1,Mbd2
Q9Z2F7,Bnip3l
Q9Z2G6,Sel1l
Q9Z2G9,Htatip2
Q9Z2I0,Letm1
Q9Z2I8,Suclg2
Q9Z2I9,Sucla2
Q9Z2J0,Slc23a1
Q9Z2L6,Minpp1
Q9Z2L7,Crlf3
Q9Z2M7,Pmm2
Q9Z2N8,Actl6a
Q9Z2Q5,Mrpl40
Q9Z2T6,Krt85
Q9Z2U0,Psma7
Q9Z2U1,Psma5
Q9Z2V4,Pck1
Q9Z2V5,Hdac6
Q9Z2W0,Dnpep
Q9Z2W1,Stk25
Q9Z2X1,Hnrnpf
Q9Z2X2,Psmd10
Q9Z2X8,Keap1
Q9Z2Y8,Plpbp
Q9Z2Z6,Slc25a20
Q9Z306,Slc22a4
Q9Z315,Sart1
Q9Z321,Top3b
Q9Z329,Itpr2
S4R1M9,Osbpl10